cutoff_label,metric_key,n_callers,subsamples,defined_correlations,undefined_correlations,rho_q025,rho_median,rho_q975,full_rho_same_pairs_q025,full_rho_same_pairs_median,full_rho_same_pairs_q975,rho_change_short_minus_full_q025,rho_change_short_minus_full_median,rho_change_short_minus_full_q975,pairs_median,rated_callers_median
first_30s,allosaurus_rate,2,2000,1632,368,-0.8944271909999159,0.058030541454035064,0.8884113491366065,-0.4472135954999579,0.4472135954999579,0.8944271909999159,-1.7888543819998317,-0.28988551782622424,1.3034067671538705,8.0,2.0
first_30s,allosaurus_rate,3,2000,1877,123,-0.6289671754978109,0.09073934721967129,0.8890129333229368,-0.40006613209931935,0.44435087525416,0.8944271909999159,-1.1161045800734208,-0.30960686915876967,0.841458192828601,13.0,2.0
first_30s,allosaurus_rate,5,2000,1981,19,-0.4472135954999579,0.08996963130645147,0.6677276531441165,-0.03618522623040077,0.4074702349519184,0.7215622764299781,-0.915773563474759,-0.30742523634937824,0.3017535496481466,20.0,4.0
first_30s,allosaurus_rate,8,2000,2000,0,-0.3228754302118307,0.08032863647638715,0.43571920167998873,0.11777790766251245,0.39769077026125543,0.6356386472978298,-0.7418670829928129,-0.31760940119651593,0.046250446125123156,33.0,6.0
first_30s,allosaurus_rate,10,2000,2000,0,-0.2684444835724465,0.06498771591601377,0.3661924297814716,0.15937243403237375,0.39450904592333774,0.592997215203432,-0.6730170002617973,-0.3215609849355518,-0.011480647941309026,42.0,7.0
first_30s,allosaurus_rate,15,2000,2000,0,-0.19845966137173743,0.06833286850042139,0.314120251808986,0.2327416272574118,0.3937908786365049,0.5465495667312903,-0.5837189163728161,-0.3231248887875514,-0.08413553187913042,62.0,11.0
first_30s,allosaurus_rate,20,2000,2000,0,-0.14207176794275791,0.0710336265029327,0.2607583909954072,0.2617171666912442,0.39732413830941826,0.5182659843267006,-0.5279001957205175,-0.3244558558453859,-0.13258534790632195,82.0,15.0
first_30s,allosaurus_rate,30,2000,2000,0,-0.0767188247389091,0.0710878782606061,0.20743469333558318,0.30118633347890333,0.3956054727742624,0.4803989969642206,-0.454651868076445,-0.3236489546986247,-0.20025220306347202,124.0,22.0
first_30s,allosaurus_rate,40,2000,2000,0,-0.028984223710930394,0.07033440888228368,0.16083697357773372,0.33621346835492766,0.39807507156571587,0.4548248491348953,-0.41691125411483765,-0.32680547685562833,-0.2412970401224438,166.0,29.0
first_30s,allosaurus_rate,56,1,1,0,0.0709182716012748,0.0709182716012748,0.0709182716012748,0.39657074140863213,0.39657074140863213,0.39657074140863213,-0.32565246980735735,-0.32565246980735735,-0.32565246980735735,232.0,41.0
first_1m,allosaurus_rate,2,2000,1844,156,-0.5590653920196746,0.24442259820672468,0.8944271909999159,-0.4472135954999579,0.4114868116940951,0.8944271909999159,-1.2550326041451967,-0.1610443845651417,1.3416407864998738,12.0,2.0
first_1m,allosaurus_rate,3,2000,1971,29,-0.4498760760613847,0.2333364332640279,0.8728715609439693,-0.3825184261187248,0.41174481089992093,0.8550602343739736,-0.7801647798095006,-0.15622165556396134,0.7637626158259733,15.0,3.0
first_1m,allosaurus_rate,5,2000,2000,0,-0.27661058752854767,0.22290919738187032,0.6233521261142485,-0.06915081426204146,0.38902474771476697,0.6663809088208544,-0.5313515008478377,-0.16103314287500115,0.31821044464123305,26.0,4.0
first_1m,allosaurus_rate,8,2000,2000,0,-0.15182626210551275,0.20721928741399293,0.5025407684107522,0.09995955489152815,0.3842393230309171,0.6078755218957119,-0.43859087069018493,-0.1769236870684275,0.09692233096798353,41.0,7.0
first_1m,allosaurus_rate,10,2000,2000,0,-0.10784325758199317,0.20641179469506812,0.47006983660270224,0.12862643947744065,0.38556492698161937,0.5792436402004743,-0.41202449989607576,-0.17602267739071506,0.06548576941045332,51.0,9.0
first_1m,allosaurus_rate,15,2000,2000,0,-0.02294949583353634,0.19964575977555007,0.4114319997705559,0.20908480832776696,0.38120881390397,0.5270511949133407,-0.343726047513663,-0.181280776444084,-0.011946479179367232,76.0,13.0
first_1m,allosaurus_rate,20,2000,2000,0,0.010063127162520526,0.19869465977254147,0.3794332881509395,0.24499567646190776,0.3885890994440444,0.5068327716499849,-0.3187394983444644,-0.18536503771528412,-0.048246139923806663,101.0,17.0
first_1m,allosaurus_rate,30,2000,2000,0,0.0772957465608649,0.19896543268677458,0.32680075672205244,0.29040562101533435,0.3860028845470693,0.4654310423335679,-0.2794451927507978,-0.185377074164766,-0.09375502469777769,152.0,26.0
first_1m,allosaurus_rate,40,2000,2000,0,0.11939829184453722,0.2012565256473542,0.28118615873818803,0.325966514623995,0.38842280849651256,0.44429908911821925,-0.24618117060072003,-0.1864462107864829,-0.12196206974701604,203.0,34.0
first_1m,allosaurus_rate,56,1,1,0,0.20110286548474865,0.20110286548474865,0.20110286548474865,0.3871858492345064,0.3871858492345064,0.3871858492345064,-0.18608298374975774,-0.18608298374975774,-0.18608298374975774,283.0,48.0
first_2m,allosaurus_rate,2,2000,1901,99,-0.5999999999999999,0.3112350164101783,0.9121593238215745,-0.6831300510639732,0.40799988046845304,0.8944271909999159,-0.8885810102523326,-0.04860158349867205,1.3416407864998738,13.0,2.0
first_2m,allosaurus_rate,3,2000,1992,8,-0.43745340403071026,0.28413015672702086,0.8728715609439693,-0.40006613209931935,0.407901881963072,0.8592061924797305,-0.764874903091936,-0.07476674390948229,0.7807200583588265,15.0,3.0
first_2m,allosaurus_rate,5,2000,2000,0,-0.22172752499348772,0.2742497638241306,0.660915442125539,-0.0899232283918639,0.3827051769246966,0.6728613603914136,-0.43829180034708076,-0.09627868423221857,0.40365501588618863,27.0,5.0
first_2m,allosaurus_rate,8,2000,2000,0,-0.03428175147896099,0.2752259035631132,0.5479436665363293,0.07618513244295626,0.3820583312366861,0.5991474567091216,-0.3326739742298927,-0.09927910237117947,0.16609501895985862,43.0,7.0
first_2m,allosaurus_rate,10,2000,2000,0,0.008352599126234202,0.27577557935278807,0.5139295725571171,0.1079059511372274,0.38179583883563345,0.5828198278636842,-0.2933186875322153,-0.10204979853077267,0.11399206712738354,54.0,9.0
first_2m,allosaurus_rate,15,2000,2000,0,0.07735670609620733,0.273119218406742,0.45412095399144353,0.17994347565635008,0.37938359995056803,0.5265127325836818,-0.24486869320865925,-0.10549132756705748,0.05651643070818812,78.0,14.0
first_2m,allosaurus_rate,20,2000,2000,0,0.1083569312434407,0.27604442720430933,0.43109714351641176,0.22691860336066683,0.38392494582141845,0.5047662396539112,-0.2178906243443048,-0.10677682073027359,0.0172075158704316,104.0,18.0
first_2m,allosaurus_rate,30,2000,2000,0,0.166480905877655,0.2752829006422748,0.38571211158156243,0.285087588103073,0.380160446854252,0.4663384583458496,-0.1806976530235439,-0.1040777638398455,-0.02550929297991274,158.0,27.0
first_2m,allosaurus_rate,40,2000,2000,0,0.20148979650662485,0.27619073506487785,0.34560988174414364,0.31592297033023026,0.3824463512309929,0.4419565004470303,-0.15707581528688563,-0.1065001694175999,-0.05287646939780096,209.0,36.0
first_2m,allosaurus_rate,56,1,1,0,0.2754793801257943,0.2754793801257943,0.2754793801257943,0.38178853279696556,0.38178853279696556,0.38178853279696556,-0.10630915267117125,-0.10630915267117125,-0.10630915267117125,294.0,51.0
first_3m,allosaurus_rate,2,2000,1901,99,-0.8783100656536799,0.34943815806083584,0.8944271909999159,-0.6831300510639732,0.40799988046845304,0.8944271909999159,-0.8881721473440564,-0.04089551008870673,0.7637626158259733,13.0,2.0
first_3m,allosaurus_rate,3,2000,1992,8,-0.5455447255899809,0.33018580469038755,0.8189230248533257,-0.40006613209931935,0.407901881963072,0.8592061924797305,-0.629940788348712,-0.057497674633565206,0.43262084389732075,15.0,3.0
first_3m,allosaurus_rate,5,2000,2000,0,-0.15959888829419805,0.30715144305863706,0.6393393012268437,-0.0899232283918639,0.3827051769246966,0.6728613603914136,-0.3362191586006939,-0.0651230352126808,0.22759402562180073,27.0,5.0
first_3m,allosaurus_rate,8,2000,2000,0,0.010849097252356816,0.31088361373384593,0.5576819578708775,0.07618513244295626,0.3820583312366861,0.5991474567091216,-0.218209527337689,-0.06805842530599478,0.10911624463589265,43.0,7.0
first_3m,allosaurus_rate,10,2000,2000,0,0.04579476429652538,0.3052994162413949,0.5308434911438008,0.1079059511372274,0.38179583883563345,0.5828198278636842,-0.1961245991402186,-0.07148931549345644,0.07347993084719047,54.0,9.0
first_3m,allosaurus_rate,15,2000,2000,0,0.11358934053803087,0.30515991453525554,0.4768322004746977,0.17994347565635008,0.37938359995056803,0.5265127325836818,-0.16980433294509492,-0.07385206058466136,0.033578396524478464,78.0,14.0
first_3m,allosaurus_rate,20,2000,2000,0,0.14759798931324666,0.3094709395112868,0.4455660697666655,0.22691860336066683,0.38392494582141845,0.5047662396539112,-0.14873254790679546,-0.07457433218803702,0.006630581602475347,104.0,18.0
first_3m,allosaurus_rate,30,2000,2000,0,0.2003004416399851,0.30518856180191895,0.4066380749629808,0.285087588103073,0.380160446854252,0.4663384583458496,-0.12310021739510582,-0.07429189084066909,-0.018779937060154146,158.0,27.0
first_3m,allosaurus_rate,40,2000,2000,0,0.23931030463668745,0.3064705243466602,0.37075648611501255,0.31592297033023026,0.3824463512309929,0.4419565004470303,-0.11099102018291881,-0.07585379729156472,-0.0395137720768878,209.0,36.0
first_3m,allosaurus_rate,56,1,1,0,0.30535720169719693,0.30535720169719693,0.30535720169719693,0.38178853279696556,0.38178853279696556,0.38178853279696556,-0.07643133109976863,-0.07643133109976863,-0.07643133109976863,294.0,51.0
first_5m,allosaurus_rate,2,2000,1901,99,-0.6505222158586489,0.4256494297686149,0.8944271909999159,-0.6831300510639732,0.40799988046845304,0.8944271909999159,-0.4472135954999579,0.0,0.7410870089190429,13.0,2.0
first_5m,allosaurus_rate,3,2000,1992,8,-0.40017278612866747,0.39635778564112056,0.870889784730105,-0.40006613209931935,0.407901881963072,0.8592061924797305,-0.3539775036090105,-0.003475963035089069,0.4234367282696283,15.0,3.0
first_5m,allosaurus_rate,5,2000,2000,0,-0.09410605941479046,0.3729111631602632,0.6770724244668166,-0.0899232283918639,0.3827051769246966,0.6728613603914136,-0.15542292141771827,-0.007839082314125667,0.1794406094465203,27.0,5.0
first_5m,allosaurus_rate,8,2000,2000,0,0.07051114964817513,0.3688505023118001,0.6050436540935921,0.07618513244295626,0.3820583312366861,0.5991474567091216,-0.09920027823317754,-0.012090502362322758,0.08221752389129897,43.0,7.0
first_5m,allosaurus_rate,10,2000,2000,0,0.09944777850578154,0.36669817805678273,0.5772084691327902,0.1079059511372274,0.38179583883563345,0.5828198278636842,-0.08184098480893665,-0.01302887909071597,0.0636933551393626,54.0,9.0
first_5m,allosaurus_rate,15,2000,2000,0,0.17136044748931678,0.36650622170022307,0.5171818424628156,0.17994347565635008,0.37938359995056803,0.5265127325836818,-0.06378846135301315,-0.016673339126272474,0.042110178436179785,78.0,14.0
first_5m,allosaurus_rate,20,2000,2000,0,0.21186705307511652,0.36920362524221073,0.49877544680926766,0.22691860336066683,0.38392494582141845,0.5047662396539112,-0.053003535274660216,-0.01493031226623534,0.02673023586963728,104.0,18.0
first_5m,allosaurus_rate,30,2000,2000,0,0.26652044023401755,0.3645689552753021,0.45509021894946355,0.285087588103073,0.380160446854252,0.4663384583458496,-0.040652843020447936,-0.016251349771284423,0.011938091238751947,158.0,27.0
first_5m,allosaurus_rate,40,2000,2000,0,0.3000485912725815,0.3663298139596297,0.4267627369083893,0.31592297033023026,0.3824463512309929,0.4419565004470303,-0.03353116311011737,-0.016562789469739908,0.0019771550564912123,209.0,36.0
first_5m,allosaurus_rate,56,1,1,0,0.3653487500638259,0.3653487500638259,0.3653487500638259,0.38178853279696556,0.38178853279696556,0.38178853279696556,-0.016439782733139674,-0.016439782733139674,-0.016439782733139674,294.0,51.0
full,allosaurus_rate,2,2000,1901,99,-0.6831300510639732,0.40799988046845304,0.8944271909999159,-0.6831300510639732,0.40799988046845304,0.8944271909999159,0.0,0.0,0.0,13.0,2.0
full,allosaurus_rate,3,2000,1992,8,-0.40006613209931935,0.407901881963072,0.8592061924797305,-0.40006613209931935,0.407901881963072,0.8592061924797305,0.0,0.0,0.0,15.0,3.0
full,allosaurus_rate,5,2000,2000,0,-0.0899232283918639,0.3827051769246966,0.6728613603914136,-0.0899232283918639,0.3827051769246966,0.6728613603914136,0.0,0.0,0.0,27.0,5.0
full,allosaurus_rate,8,2000,2000,0,0.07618513244295626,0.3820583312366861,0.5991474567091216,0.07618513244295626,0.3820583312366861,0.5991474567091216,0.0,0.0,0.0,43.0,7.0
full,allosaurus_rate,10,2000,2000,0,0.1079059511372274,0.38179583883563345,0.5828198278636842,0.1079059511372274,0.38179583883563345,0.5828198278636842,0.0,0.0,0.0,54.0,9.0
full,allosaurus_rate,15,2000,2000,0,0.17994347565635008,0.37938359995056803,0.5265127325836818,0.17994347565635008,0.37938359995056803,0.5265127325836818,0.0,0.0,0.0,78.0,14.0
full,allosaurus_rate,20,2000,2000,0,0.22691860336066683,0.38392494582141845,0.5047662396539112,0.22691860336066683,0.38392494582141845,0.5047662396539112,0.0,0.0,0.0,104.0,18.0
full,allosaurus_rate,30,2000,2000,0,0.285087588103073,0.380160446854252,0.4663384583458496,0.285087588103073,0.380160446854252,0.4663384583458496,0.0,0.0,0.0,158.0,27.0
full,allosaurus_rate,40,2000,2000,0,0.31592297033023026,0.3824463512309929,0.4419565004470303,0.31592297033023026,0.3824463512309929,0.4419565004470303,0.0,0.0,0.0,209.0,36.0
full,allosaurus_rate,56,1,1,0,0.38178853279696556,0.38178853279696556,0.38178853279696556,0.38178853279696556,0.38178853279696556,0.38178853279696556,0.0,0.0,0.0,294.0,51.0
first_30s,sylber_rate,2,2000,1632,368,-0.8944271909999159,-0.1494114427354234,0.8944271909999159,-0.4898466916980768,0.28988551782622424,0.8944271909999159,-1.3416407864998738,-0.316390081981654,0.5513386314988115,8.0,2.0
first_30s,sylber_rate,3,2000,1877,123,-0.6831300510639732,-0.11553652930985409,0.8944271909999159,-0.4472135954999579,0.28988551782622424,0.8944271909999159,-1.196196421578924,-0.3438984156767635,0.4710177098414061,13.0,2.0
first_30s,sylber_rate,5,2000,1981,19,-0.530308089569949,-0.10751682985805452,0.6614950926316518,-0.2789605363939207,0.26016428672780306,0.7682823844595458,-0.8392184435411787,-0.331582969507791,0.21821789023599236,20.0,4.0
first_30s,sylber_rate,8,2000,2000,0,-0.3941641740754405,-0.09546980264008378,0.32552417493810576,-0.120080772414566,0.2466150674466514,0.6008026871086515,-0.6773464972399292,-0.32810618302771444,0.018943912053762783,33.0,6.0
first_30s,sylber_rate,10,2000,2000,0,-0.359655830164353,-0.09222349699812996,0.24208126872378163,-0.07011315223277688,0.24868935868950193,0.5192144243683253,-0.62804388918342,-0.32566230594838685,-0.01283745533655929,42.0,7.0
first_30s,sylber_rate,15,2000,2000,0,-0.303925356703716,-0.09337328921321006,0.14170008382097432,0.011991134818514028,0.23772279192342727,0.459976088569533,-0.5545259733170004,-0.3235407089800445,-0.09979118735947153,62.0,11.0
first_30s,sylber_rate,20,2000,2000,0,-0.2574035950367877,-0.09304037065974713,0.1060672906307117,0.052499324071878455,0.23386451702637862,0.41465025041500675,-0.49546966705633005,-0.3256708541906166,-0.13400232418639277,82.0,15.0
first_30s,sylber_rate,30,2000,2000,0,-0.21054941825959178,-0.0972022738279135,0.03343619456839181,0.10895967523592924,0.23014056325412463,0.35909089565928254,-0.4467190060765736,-0.32530690106013105,-0.2022707960055295,124.0,22.0
first_30s,sylber_rate,40,2000,2000,0,-0.17528455624048453,-0.09300001281948862,-0.008458946855659448,0.15419573359896907,0.23085244547357922,0.3232222853573308,-0.4127017790806429,-0.3261162930982169,-0.2456290958698228,166.0,29.0
first_30s,sylber_rate,56,1,1,0,-0.09353970152205962,-0.09353970152205962,-0.09353970152205962,0.23140019668604336,0.23140019668604336,0.23140019668604336,-0.324939898208103,-0.324939898208103,-0.324939898208103,232.0,41.0
first_1m,sylber_rate,2,2000,1844,156,-0.8776610522405544,0.06830633907136457,0.8944271909999159,-0.522971673687364,0.3044366852533488,0.8944271909999159,-1.2015028183722214,-0.15234757635553897,0.7171371656006362,12.0,2.0
first_1m,sylber_rate,3,2000,1971,29,-0.6488073271643998,0.06660054415400443,0.858103286480052,-0.39103416078800524,0.3013289295032608,0.8783100656536799,-1.0110127858969697,-0.1845854366659529,0.5455447255899808,15.0,3.0
first_1m,sylber_rate,5,2000,2000,0,-0.40089775779972053,0.07765126875242084,0.5832937652276393,-0.12951805207062855,0.2747579917295367,0.6730287898755756,-0.7269961088767454,-0.18097193233097847,0.2559739330977066,26.0,4.0
first_1m,sylber_rate,8,2000,2000,0,-0.2502220208722451,0.07090466438892787,0.4540854438495304,-0.033594189197861606,0.2619559136446015,0.5646288583335907,-0.5704823908522075,-0.178185554652457,0.13441977432769917,41.0,7.0
first_1m,sylber_rate,10,2000,2000,0,-0.2206392924831135,0.07108076094574464,0.36602632906538507,-0.004954008375874696,0.26431320632841626,0.5090604717371103,-0.49029114355110226,-0.18451569385996658,0.10370868434768112,51.0,9.0
first_1m,sylber_rate,15,2000,2000,0,-0.12726271579833953,0.07469855555633934,0.2895821186386242,0.06558951179920741,0.2577384219106591,0.45410578487290265,-0.40309938781966187,-0.18298818348930085,0.025986268030781454,76.0,13.0
first_1m,sylber_rate,20,2000,2000,0,-0.0915850233286216,0.07651202750168182,0.24560796021634582,0.10193487352957267,0.2590323816011503,0.41011409474364235,-0.35363672906356935,-0.18101298100839996,-0.012657685453990406,101.0,17.0
first_1m,sylber_rate,30,2000,2000,0,-0.04004851323574012,0.07297753721736829,0.19451637132654984,0.1472149702444752,0.25420104789330195,0.3622192230060265,-0.29628596722838857,-0.17929331923134578,-0.06527244186816493,152.0,26.0
first_1m,sylber_rate,40,2000,2000,0,-0.00518608919090229,0.07382065722973827,0.15641054887979494,0.18463242376713632,0.2553936054337167,0.33493776422215615,-0.26197759767044515,-0.18241545698475697,-0.10395354711789757,203.0,34.0
first_1m,sylber_rate,56,1,1,0,0.07402455221826543,0.07402455221826543,0.07402455221826543,0.25587398564697855,0.25587398564697855,0.25587398564697855,-0.18184943342871313,-0.18184943342871313,-0.18184943342871313,283.0,48.0
first_2m,sylber_rate,2,2000,1901,99,-0.8116794499134278,0.3191380089224015,0.8944271909999159,-0.6831300510639732,0.29780450572490064,0.8944271909999159,-1.2325547301826547,0.0,0.8238858408710995,13.0,2.0
first_2m,sylber_rate,3,2000,1992,8,-0.5609681940050742,0.29277002188455997,0.8007572173962101,-0.4363372119925885,0.29275196925367464,0.8728715609439693,-0.9517954020510461,-0.011633358513672504,0.6304647078014458,15.0,3.0
first_2m,sylber_rate,5,2000,2000,0,-0.2937365929713069,0.2821505968445352,0.6395141256837478,-0.1500225113876954,0.2654319175573961,0.6669111799448112,-0.5581189459896074,0.00031027634191867215,0.46817788520259135,27.0,5.0
first_2m,sylber_rate,8,2000,2000,0,-0.05227204384910031,0.2825296435483692,0.5644526253707468,-0.04212691389569069,0.2530037779857853,0.5540928563085271,-0.3470866321757195,0.021025830597322243,0.37590362998931925,43.0,7.0
first_2m,sylber_rate,10,2000,2000,0,-0.03318283699437012,0.27799023836883663,0.522049675746943,-0.027604433378226597,0.25696261824195604,0.5029344976151052,-0.3315039817355864,0.017757748200427345,0.32458919629914496,54.0,9.0
first_2m,sylber_rate,15,2000,2000,0,0.05576267898480169,0.2741153769395116,0.4589638224733421,0.05203514490960438,0.2547330254203252,0.4531505337764651,-0.22360815170754,0.01772336193445488,0.2581335760151742,78.0,14.0
first_2m,sylber_rate,20,2000,2000,0,0.09232279002711538,0.2805262937120662,0.4368730339703653,0.08804313125894017,0.25691895706878976,0.41108891111871604,-0.18376585171213225,0.027130700729386614,0.2049679496483531,104.0,18.0
first_2m,sylber_rate,30,2000,2000,0,0.16344794742616012,0.2774371690980766,0.3912115801046102,0.14005584398127247,0.24774192560124708,0.36475891855920267,-0.11540340334375679,0.02700190828038354,0.1605826708259811,158.0,27.0
first_2m,sylber_rate,40,2000,2000,0,0.2027610433762367,0.2779359955477753,0.35255115309912355,0.17893207250223542,0.2529393341212073,0.3316446949312864,-0.06881696701360344,0.02574834097530866,0.10622436986640645,209.0,36.0
first_2m,sylber_rate,56,1,1,0,0.27798470667892883,0.27798470667892883,0.27798470667892883,0.2515284915625164,0.2515284915625164,0.2515284915625164,0.02645621511641244,0.02645621511641244,0.02645621511641244,294.0,51.0
first_3m,sylber_rate,2,2000,1901,99,-0.8783100656536799,0.2551891441368506,0.8944271909999159,-0.6831300510639732,0.29780450572490064,0.8944271909999159,-1.2001983962979579,-0.020400268691041057,0.6586208779776663,13.0,2.0
first_3m,sylber_rate,3,2000,1992,8,-0.6508140266182866,0.23252597499742533,0.7390257338298415,-0.4363372119925885,0.29275196925367464,0.8728715609439693,-0.8790415680583348,-0.046692482631573065,0.49034777315340966,15.0,3.0
first_3m,sylber_rate,5,2000,2000,0,-0.29093430656494956,0.22319803488515194,0.569504713338907,-0.1500225113876954,0.2654319175573961,0.6669111799448112,-0.5691608635228947,-0.044716669079578386,0.35883298673978203,27.0,5.0
first_3m,sylber_rate,8,2000,2000,0,-0.08546451042379456,0.2245013650897679,0.48092923324668696,-0.04212691389569069,0.2530037779857853,0.5540928563085271,-0.36548719418319847,-0.03675326815954667,0.2839561674741558,43.0,7.0
first_3m,sylber_rate,10,2000,2000,0,-0.045753150894912685,0.21914312377140255,0.4460417188610997,-0.027604433378226597,0.25696261824195604,0.5029344976151052,-0.3402591462315265,-0.03317791013089903,0.24336001211397923,54.0,9.0
first_3m,sylber_rate,15,2000,2000,0,0.027636291413484212,0.2175096848780222,0.37916697187114945,0.05203514490960438,0.2547330254203252,0.4531505337764651,-0.26321555769909516,-0.03442518508468659,0.17812797167742206,78.0,14.0
first_3m,sylber_rate,20,2000,2000,0,0.06846804896082759,0.22093869740516003,0.3672304483744604,0.08804313125894017,0.25691895706878976,0.41108891111871604,-0.21213769075854497,-0.033676554519115415,0.12803193095102117,104.0,18.0
first_3m,sylber_rate,30,2000,2000,0,0.11914677106283657,0.21731007845551994,0.31324980876096636,0.14005584398127247,0.24774192560124708,0.36475891855920267,-0.1546926159086417,-0.029269788997937626,0.09115916134840964,158.0,27.0
first_3m,sylber_rate,40,2000,2000,0,0.15296770973628837,0.21968652260076627,0.28555845536819424,0.17893207250223542,0.2529393341212073,0.3316446949312864,-0.11859019426351002,-0.03193012660259234,0.045522095719821354,209.0,36.0
first_3m,sylber_rate,56,1,1,0,0.2197094594569539,0.2197094594569539,0.2197094594569539,0.2515284915625164,0.2515284915625164,0.2515284915625164,-0.0318190321055625,-0.0318190321055625,-0.0318190321055625,294.0,51.0
first_5m,sylber_rate,2,2000,1901,99,-0.8783100656536799,0.2600292549368632,0.944911182523068,-0.6831300510639732,0.29780450572490064,0.8944271909999159,-1.044465935734187,0.0,0.4376649669436128,13.0,2.0
first_5m,sylber_rate,3,2000,1992,8,-0.5927206168592338,0.2320511681524146,0.8009220120343785,-0.4363372119925885,0.29275196925367464,0.8728715609439693,-0.7475112617666316,-0.020404524425743892,0.3475933922146461,15.0,3.0
first_5m,sylber_rate,5,2000,2000,0,-0.30437979371753543,0.21161446151387492,0.5879705342754551,-0.1500225113876954,0.2654319175573961,0.6669111799448112,-0.45439308712456283,-0.04431971011237781,0.22403573040774521,27.0,5.0
first_5m,sylber_rate,8,2000,2000,0,-0.12159005714105672,0.20251512208576494,0.4864844979793768,-0.04212691389569069,0.2530037779857853,0.5540928563085271,-0.26777277432671565,-0.0495237261517891,0.1612980000195522,43.0,7.0
first_5m,sylber_rate,10,2000,2000,0,-0.07726411668750388,0.20498167053134034,0.43965015248725553,-0.027604433378226597,0.25696261824195604,0.5029344976151052,-0.23633678227634802,-0.05342123493930573,0.12609905547192968,54.0,9.0
first_5m,sylber_rate,15,2000,2000,0,-0.00630419566778557,0.19689707219284414,0.3834301960387347,0.05203514490960438,0.2547330254203252,0.4531505337764651,-0.19216699830848155,-0.0535041522302573,0.08265773742792687,78.0,14.0
first_5m,sylber_rate,20,2000,2000,0,0.04416847512521437,0.20352685291520273,0.35213739616259176,0.08804313125894017,0.25691895706878976,0.41108891111871604,-0.1591607979467973,-0.05244115309188386,0.055832454409517486,104.0,18.0
first_5m,sylber_rate,30,2000,2000,0,0.08431651568339957,0.19675118810214304,0.30515246651580097,0.14005584398127247,0.24774192560124708,0.36475891855920267,-0.12725971567841088,-0.05157100363225442,0.01993866197813498,158.0,27.0
first_5m,sylber_rate,40,2000,2000,0,0.12576314736497063,0.2005314890022404,0.28068140790257795,0.17893207250223542,0.2529393341212073,0.3316446949312864,-0.10208175414153003,-0.049958368578739656,-0.005938502597839333,209.0,36.0
first_5m,sylber_rate,56,1,1,0,0.19966613378857098,0.19966613378857098,0.19966613378857098,0.2515284915625164,0.2515284915625164,0.2515284915625164,-0.051862357773945406,-0.051862357773945406,-0.051862357773945406,294.0,51.0
full,sylber_rate,2,2000,1901,99,-0.6831300510639732,0.29780450572490064,0.8944271909999159,-0.6831300510639732,0.29780450572490064,0.8944271909999159,0.0,0.0,0.0,13.0,2.0
full,sylber_rate,3,2000,1992,8,-0.4363372119925885,0.29275196925367464,0.8728715609439693,-0.4363372119925885,0.29275196925367464,0.8728715609439693,0.0,0.0,0.0,15.0,3.0
full,sylber_rate,5,2000,2000,0,-0.1500225113876954,0.2654319175573961,0.6669111799448112,-0.1500225113876954,0.2654319175573961,0.6669111799448112,0.0,0.0,0.0,27.0,5.0
full,sylber_rate,8,2000,2000,0,-0.04212691389569069,0.2530037779857853,0.5540928563085271,-0.04212691389569069,0.2530037779857853,0.5540928563085271,0.0,0.0,0.0,43.0,7.0
full,sylber_rate,10,2000,2000,0,-0.027604433378226597,0.25696261824195604,0.5029344976151052,-0.027604433378226597,0.25696261824195604,0.5029344976151052,0.0,0.0,0.0,54.0,9.0
full,sylber_rate,15,2000,2000,0,0.05203514490960438,0.2547330254203252,0.4531505337764651,0.05203514490960438,0.2547330254203252,0.4531505337764651,0.0,0.0,0.0,78.0,14.0
full,sylber_rate,20,2000,2000,0,0.08804313125894017,0.25691895706878976,0.41108891111871604,0.08804313125894017,0.25691895706878976,0.41108891111871604,0.0,0.0,0.0,104.0,18.0
full,sylber_rate,30,2000,2000,0,0.14005584398127247,0.24774192560124708,0.36475891855920267,0.14005584398127247,0.24774192560124708,0.36475891855920267,0.0,0.0,0.0,158.0,27.0
full,sylber_rate,40,2000,2000,0,0.17893207250223542,0.2529393341212073,0.3316446949312864,0.17893207250223542,0.2529393341212073,0.3316446949312864,0.0,0.0,0.0,209.0,36.0
full,sylber_rate,56,1,1,0,0.2515284915625164,0.2515284915625164,0.2515284915625164,0.2515284915625164,0.2515284915625164,0.2515284915625164,0.0,0.0,0.0,294.0,51.0
first_30s,sylber_duration,2,2000,1632,368,-0.8944271909999159,-0.09759000729485331,0.8944271909999159,-0.8944271909999159,0.5485022341382948,0.9258200997725514,-1.7638728377131658,-0.5557185572956845,1.3416407864998738,8.0,2.0
first_30s,sylber_duration,3,2000,1877,123,-0.8944271909999159,-0.07355315439158835,0.828229104727678,-0.7637626158259733,0.5245683178400762,0.8944271909999159,-1.476971996726912,-0.5659051004835747,0.9928914005737554,13.0,2.0
first_30s,sylber_duration,5,2000,1981,19,-0.7067441296145278,-0.04679014636142722,0.5882599581961383,-0.2186147491282688,0.511573173970848,0.759476009016726,-1.1876551375145672,-0.5535859031547298,0.4030757548750165,20.0,4.0
first_30s,sylber_duration,8,2000,2000,0,-0.5493642836368678,-0.03930193610395544,0.3996351321419106,0.09758462785613452,0.5056747348653501,0.7075061360835423,-1.010307011192883,-0.5333942656407824,0.020933039945329527,33.0,6.0
first_30s,sylber_duration,10,2000,2000,0,-0.4806782178470545,-0.04459554948451507,0.33550486131708207,0.13057326816239512,0.4927884094678274,0.6726830916382655,-0.9218083733224861,-0.5298361053399503,-0.05344045597507695,42.0,7.0
first_30s,sylber_duration,15,2000,2000,0,-0.3664956716851269,-0.030952604266561545,0.25100225730213616,0.26130169374522416,0.49610056486801224,0.6367670746015721,-0.8409551582260173,-0.5261483552913617,-0.19013657571885237,62.0,11.0
first_30s,sylber_duration,20,2000,2000,0,-0.30087853030321876,-0.03342006261891776,0.19737001757172365,0.31711006196912345,0.4978311119482634,0.6120011476979976,-0.7646645054778096,-0.5310329531666775,-0.2614445542312918,82.0,15.0
first_30s,sylber_duration,30,2000,2000,0,-0.21384629864775984,-0.03232358208122492,0.12390477665482319,0.3824496538764525,0.494057087137326,0.5753185441018795,-0.6975155772405212,-0.522880548720663,-0.353542945364566,124.0,22.0
first_30s,sylber_duration,40,2000,2000,0,-0.14954997662791875,-0.029886441100553315,0.0709404403437549,0.42498654001310016,0.49296887233839126,0.5525148295397505,-0.6376797548342069,-0.5243483539055812,-0.4090034337176385,166.0,29.0
first_30s,sylber_duration,56,1,1,0,-0.031685877085460584,-0.031685877085460584,-0.031685877085460584,0.4925303834415539,0.4925303834415539,0.4925303834415539,-0.5242162605270145,-0.5242162605270145,-0.5242162605270145,232.0,41.0
first_1m,sylber_duration,2,2000,1844,156,-0.8944271909999159,0.06299407883487121,0.8944271909999159,-0.8944271909999159,0.5307374539958217,0.8944271909999159,-1.3416407864998738,-0.3906482847211461,0.7171371656006362,12.0,2.0
first_1m,sylber_duration,3,2000,1971,29,-0.6932106182590159,0.10617381596105112,0.7894706182250902,-0.5669467095138409,0.5267669466704314,0.8642403147428598,-1.1134515913826497,-0.3908606298442065,0.5643615341777224,15.0,3.0
first_1m,sylber_duration,5,2000,2000,0,-0.46893755050046054,0.10833284401489122,0.5775740963605038,-0.1556997888323046,0.5150492758421032,0.7659356406687767,-0.8654901716721585,-0.39156878556527663,0.19631060977837064,26.0,4.0
first_1m,sylber_duration,8,2000,2000,0,-0.3286083460826053,0.11323743087195391,0.45254972998376897,0.15659865784282037,0.5171746081831388,0.7090456326992106,-0.7589802913593507,-0.3962661534174978,-0.010926807360484224,41.0,7.0
first_1m,sylber_duration,10,2000,2000,0,-0.2565939003918565,0.10721203270550135,0.41674835368741997,0.19678086330200154,0.5062001310403901,0.6792824899988746,-0.6847271686537632,-0.3933135189397241,-0.07738580401284041,51.0,9.0
first_1m,sylber_duration,15,2000,2000,0,-0.16481300219160752,0.11506069941827032,0.35685444826963264,0.3051933734629851,0.5108586088545106,0.6533757846932825,-0.6255700922120199,-0.3917114541111753,-0.155906123962908,76.0,13.0
first_1m,sylber_duration,20,2000,2000,0,-0.11044602771683003,0.11614012823712143,0.3169014943762711,0.3549354557846098,0.5126155504198933,0.6253303701324776,-0.5891437655360984,-0.3945962514977731,-0.19498061749462048,101.0,17.0
first_1m,sylber_duration,30,2000,2000,0,-0.04061036749321262,0.11456952282702673,0.2591327646861668,0.41137086783841914,0.5104099126270193,0.5917977953246202,-0.5242764862706752,-0.3943811165627735,-0.2552333399025399,152.0,26.0
first_1m,sylber_duration,40,2000,2000,0,0.021385702396377035,0.11778846663207666,0.20866712371119542,0.4438451708344179,0.5111638622673611,0.5675222156239036,-0.47745799355380475,-0.3936864056943954,-0.30285872618579573,203.0,34.0
first_1m,sylber_duration,56,1,1,0,0.11632308788000639,0.11632308788000639,0.11632308788000639,0.5098393800496138,0.5098393800496138,0.5098393800496138,-0.39351629216960743,-0.39351629216960743,-0.39351629216960743,283.0,48.0
first_2m,sylber_duration,2,2000,1901,99,-0.8783100656536799,0.299897447653771,0.8944271909999159,-0.8783100656536799,0.5343114224266292,0.8944271909999159,-0.9789402895052494,-0.17212052978799863,0.7171371656006362,13.0,2.0
first_2m,sylber_duration,3,2000,1992,8,-0.7006490497453707,0.295288531448591,0.7522975819609059,-0.5554263684597753,0.5259716638848818,0.8510644963469901,-0.766145679008905,-0.19518001458970669,0.44398353459244355,15.0,3.0
first_2m,sylber_duration,5,2000,2000,0,-0.31740137318996753,0.287412477513994,0.5964376370604728,-0.15952707558044227,0.5105994040859883,0.761695583969699,-0.5213027479317937,-0.21182959667761858,0.1402261637440459,27.0,5.0
first_2m,sylber_duration,8,2000,2000,0,-0.11987057355779634,0.28710128352301734,0.5246198903654854,0.13626758578105772,0.5148184722933109,0.7097201468343953,-0.4595407799692523,-0.219106374513231,-0.020736193047813104,43.0,7.0
first_2m,sylber_duration,10,2000,2000,0,-0.06502462838756415,0.28264892495377303,0.5000487716633941,0.15822796631745384,0.503591640666194,0.6821195148285768,-0.42524563651502617,-0.21871779331689256,-0.041994218968096346,54.0,9.0
first_2m,sylber_duration,15,2000,2000,0,0.034548718057678854,0.2854710877247829,0.4550609700529946,0.2764544328954566,0.5059953140005626,0.651447343915149,-0.35748051723973284,-0.22210333642014468,-0.0850996914913024,78.0,14.0
first_2m,sylber_duration,20,2000,2000,0,0.1004498612072431,0.2818626674955774,0.42719410221088006,0.33552466327058583,0.5036038733442241,0.6290253767804401,-0.3334822561756192,-0.22265957219806315,-0.12147818270622034,104.0,18.0
first_2m,sylber_duration,30,2000,2000,0,0.15392011681981657,0.2777336338167158,0.384486062451454,0.39280101501996756,0.5045610124881977,0.592752444208282,-0.29871932699166015,-0.22461204648790525,-0.15465832435889953,158.0,27.0
first_2m,sylber_duration,40,2000,2000,0,0.20359912851858844,0.2799642203679116,0.35458862202983144,0.4339608478272459,0.5039286055706967,0.5643589928368425,-0.27367679580988574,-0.22234325256871013,-0.17262537165031966,209.0,36.0
first_2m,sylber_duration,56,1,1,0,0.2791295810607104,0.2791295810607104,0.2791295810607104,0.5034084634830779,0.5034084634830779,0.5034084634830779,-0.2242788824223675,-0.2242788824223675,-0.2242788824223675,294.0,51.0
first_3m,sylber_duration,2,2000,1901,99,-0.8783100656536799,0.398561539633092,0.8783100656536799,-0.8783100656536799,0.5343114224266292,0.8944271909999159,-0.7598457809222139,-0.09749481969409457,0.47809144373375745,13.0,2.0
first_3m,sylber_duration,3,2000,1992,8,-0.5937318001254848,0.3930106347376423,0.763836992193256,-0.5554263684597753,0.5259716638848818,0.8510644963469901,-0.5501885650292966,-0.11508518512613589,0.25478130648974345,15.0,3.0
first_3m,sylber_duration,5,2000,2000,0,-0.32203692089299196,0.37847995262494405,0.6737999844143742,-0.15952707558044227,0.5105994040859883,0.761695583969699,-0.39891159440213225,-0.12347997916737916,0.07432423493837882,27.0,5.0
first_3m,sylber_duration,8,2000,2000,0,-0.04769275449239795,0.38226321160568366,0.6135258347522524,0.13626758578105772,0.5148184722933109,0.7097201468343953,-0.31853137056452574,-0.12886919406489383,0.006428812574102389,43.0,7.0
first_3m,sylber_duration,10,2000,2000,0,-0.014475664705478135,0.36935767770713496,0.5894149034223917,0.15822796631745384,0.503591640666194,0.6821195148285768,-0.29332790862301594,-0.1296379505442519,-0.004246859097663597,54.0,9.0
first_3m,sylber_duration,15,2000,2000,0,0.12003327114861219,0.3739399555472581,0.5473139253619417,0.2764544328954566,0.5059953140005626,0.651447343915149,-0.24333682668665996,-0.1273051323582849,-0.03472701509792628,78.0,14.0
first_3m,sylber_duration,20,2000,2000,0,0.17224818068638417,0.37547909830098275,0.5180141486857884,0.33552466327058583,0.5036038733442241,0.6290253767804401,-0.21973810155741588,-0.13062875630185666,-0.05245059432092484,104.0,18.0
first_3m,sylber_duration,30,2000,2000,0,0.24303066700403944,0.3699891171791244,0.4762710873839539,0.39280101501996756,0.5045610124881977,0.592752444208282,-0.19261326510182192,-0.13168980545791267,-0.07889306689121561,158.0,27.0
first_3m,sylber_duration,40,2000,2000,0,0.2889282941116403,0.37201510477143507,0.4458153020523811,0.4339608478272459,0.5039286055706967,0.5643589928368425,-0.17128189734136096,-0.1317360065389048,-0.09452300907563037,209.0,36.0
first_3m,sylber_duration,56,1,1,0,0.3709514545519309,0.3709514545519309,0.3709514545519309,0.5034084634830779,0.5034084634830779,0.5034084634830779,-0.13245700893114698,-0.13245700893114698,-0.13245700893114698,294.0,51.0
first_5m,sylber_duration,2,2000,1901,99,-0.8783100656536799,0.48751995531906345,0.8944271909999159,-0.8783100656536799,0.5343114224266292,0.8944271909999159,-0.5971777955436646,-0.019968491283326395,0.6324555320336758,13.0,2.0
first_5m,sylber_duration,3,2000,1992,8,-0.5420653401993911,0.46661761597067936,0.8771264517624391,-0.5554263684597753,0.5259716638848818,0.8510644963469901,-0.43715348199257925,-0.044438421520165444,0.3273268353539886,15.0,3.0
first_5m,sylber_duration,5,2000,2000,0,-0.22855651855172252,0.44921412943122413,0.7291394251106734,-0.15952707558044227,0.5105994040859883,0.761695583969699,-0.2694314338458065,-0.05283478523538013,0.12111644368268447,27.0,5.0
first_5m,sylber_duration,8,2000,2000,0,0.04168392395120585,0.4597593095289272,0.680934498482539,0.13626758578105772,0.5148184722933109,0.7097201468343953,-0.20567989014251395,-0.053919332539301174,0.05552705438569242,43.0,7.0
first_5m,sylber_duration,10,2000,2000,0,0.09488570968958869,0.446772586668237,0.6424799243639614,0.15822796631745384,0.503591640666194,0.6821195148285768,-0.18813648873709932,-0.05223934189210311,0.04486569967315792,54.0,9.0
first_5m,sylber_duration,15,2000,2000,0,0.20463915842357389,0.45008136496815065,0.6065513217691622,0.2764544328954566,0.5059953140005626,0.651447343915149,-0.13352819473643004,-0.05355952791187718,0.0157287597927692,78.0,14.0
first_5m,sylber_duration,20,2000,2000,0,0.2635907161348196,0.4489075203308465,0.5810116673466614,0.33552466327058583,0.5036038733442241,0.6290253767804401,-0.12039896008061916,-0.05408916838647004,0.003113614080246854,104.0,18.0
first_5m,sylber_duration,30,2000,2000,0,0.32496584447268645,0.4487066024165659,0.5471430456217835,0.39280101501996756,0.5045610124881977,0.592752444208282,-0.09721684074304057,-0.05542386770067334,-0.014792627392817689,158.0,27.0
first_5m,sylber_duration,40,2000,2000,0,0.3755503788272593,0.44823824620491504,0.5160535234363474,0.4339608478272459,0.5039286055706967,0.5643589928368425,-0.08231614216476138,-0.0552179006479083,-0.028282036090917548,209.0,36.0
first_5m,sylber_duration,56,1,1,0,0.4486835036960827,0.4486835036960827,0.4486835036960827,0.5034084634830779,0.5034084634830779,0.5034084634830779,-0.05472495978699521,-0.05472495978699521,-0.05472495978699521,294.0,51.0
full,sylber_duration,2,2000,1901,99,-0.8783100656536799,0.5343114224266292,0.8944271909999159,-0.8783100656536799,0.5343114224266292,0.8944271909999159,0.0,0.0,0.0,13.0,2.0
full,sylber_duration,3,2000,1992,8,-0.5554263684597753,0.5259716638848818,0.8510644963469901,-0.5554263684597753,0.5259716638848818,0.8510644963469901,0.0,0.0,0.0,15.0,3.0
full,sylber_duration,5,2000,2000,0,-0.15952707558044227,0.5105994040859883,0.761695583969699,-0.15952707558044227,0.5105994040859883,0.761695583969699,0.0,0.0,0.0,27.0,5.0
full,sylber_duration,8,2000,2000,0,0.13626758578105772,0.5148184722933109,0.7097201468343953,0.13626758578105772,0.5148184722933109,0.7097201468343953,0.0,0.0,0.0,43.0,7.0
full,sylber_duration,10,2000,2000,0,0.15822796631745384,0.503591640666194,0.6821195148285768,0.15822796631745384,0.503591640666194,0.6821195148285768,0.0,0.0,0.0,54.0,9.0
full,sylber_duration,15,2000,2000,0,0.2764544328954566,0.5059953140005626,0.651447343915149,0.2764544328954566,0.5059953140005626,0.651447343915149,0.0,0.0,0.0,78.0,14.0
full,sylber_duration,20,2000,2000,0,0.33552466327058583,0.5036038733442241,0.6290253767804401,0.33552466327058583,0.5036038733442241,0.6290253767804401,0.0,0.0,0.0,104.0,18.0
full,sylber_duration,30,2000,2000,0,0.39280101501996756,0.5045610124881977,0.592752444208282,0.39280101501996756,0.5045610124881977,0.592752444208282,0.0,0.0,0.0,158.0,27.0
full,sylber_duration,40,2000,2000,0,0.4339608478272459,0.5039286055706967,0.5643589928368425,0.4339608478272459,0.5039286055706967,0.5643589928368425,0.0,0.0,0.0,209.0,36.0
full,sylber_duration,56,1,1,0,0.5034084634830779,0.5034084634830779,0.5034084634830779,0.5034084634830779,0.5034084634830779,0.5034084634830779,0.0,0.0,0.0,294.0,51.0
first_30s,sylber_npvi,2,2000,1632,368,-0.8944271909999159,-0.21375975903584263,0.8944271909999159,-0.8944271909999159,0.08247424897827492,0.8295105951655521,-1.2240062464175154,-0.16343118533964474,1.3575561481591056,8.0,2.0
first_30s,sylber_npvi,3,2000,1877,123,-0.8728715609439693,-0.16237693561727734,0.7651178850556992,-0.8944271909999159,0.07858672026843579,0.6957889704498907,-1.0184329015995135,-0.15821033667775758,1.3416407864998738,13.0,2.0
first_30s,sylber_npvi,5,2000,1981,19,-0.5376258011251602,-0.12043024052391657,0.5640102657353697,-0.7976092819752423,0.08219412238898453,0.5486873474761393,-0.790739527304305,-0.17027924937639366,0.9759000729485332,20.0,4.0
first_30s,sylber_npvi,8,2000,2000,0,-0.400818075558085,-0.11290993228963875,0.3361006972203695,-0.4257834943749312,0.11394873123943898,0.44298279355947145,-0.6527316197789516,-0.19881746804767791,0.4765603283806677,33.0,6.0
first_30s,sylber_npvi,10,2000,2000,0,-0.3650145794339581,-0.11443701129168195,0.249187065655234,-0.33922482458304576,0.10425454049979932,0.41341438902768995,-0.6019650889034669,-0.21248729765112745,0.27579691184507005,42.0,7.0
first_30s,sylber_npvi,15,2000,2000,0,-0.3230028979091229,-0.11851682054744231,0.1292133343416349,-0.19364611535444262,0.11903049886041811,0.3514483790030525,-0.525077266937948,-0.22807855022240123,0.14114075413353702,62.0,11.0
first_30s,sylber_npvi,20,2000,2000,0,-0.28496620361404706,-0.1205324429737652,0.08859362981495307,-0.12870305852003333,0.11521119934478488,0.3025326319375917,-0.4738713085466819,-0.23228047658444662,0.0684734174175258,82.0,15.0
first_30s,sylber_npvi,30,2000,2000,0,-0.23466033116969753,-0.11858454412293848,0.013810284113015997,-0.04939066025827195,0.11652318257721753,0.24915308576982426,-0.40026275484963825,-0.2318144639542538,-0.02799341501322892,124.0,22.0
first_30s,sylber_npvi,40,2000,2000,0,-0.19618795798214617,-0.11788278718649817,-0.03133900076019001,0.012096576216621866,0.12054849350783783,0.20663009129598767,-0.3433981271915442,-0.2388891122229467,-0.09684538259194697,166.0,29.0
first_30s,sylber_npvi,56,1,1,0,-0.119664427248809,-0.119664427248809,-0.119664427248809,0.11860946366713909,0.11860946366713909,0.11860946366713909,-0.23827389091594808,-0.23827389091594808,-0.23827389091594808,232.0,41.0
first_1m,sylber_npvi,2,2000,1844,156,-0.8944271909999159,-0.12039118210498106,0.7632382643419787,-0.8944271909999159,0.07166010983851402,0.7171371656006361,-0.8934889344515369,-0.14464758190238694,1.3416407864998738,12.0,2.0
first_1m,sylber_npvi,3,2000,1971,29,-0.7950191362265737,-0.0909225921988655,0.657507599055074,-0.8728715609439693,0.08359051110404551,0.6481193122417277,-0.8162592620710544,-0.17124920745438765,0.9804603977836075,15.0,3.0
first_1m,sylber_npvi,5,2000,2000,0,-0.5669467095138409,-0.06471861406849552,0.4550797717710225,-0.5993628605842338,0.09008343192507823,0.5225790415824572,-0.6434298590561155,-0.1642574867113583,0.6510780251642821,26.0,4.0
first_1m,sylber_npvi,8,2000,2000,0,-0.39515560046768866,-0.052925782129346045,0.3282050360149854,-0.32625677741917464,0.11438497050357718,0.423150030937012,-0.5504321627221795,-0.1651424127673174,0.3517219263335822,41.0,7.0
first_1m,sylber_npvi,10,2000,2000,0,-0.34205794449598725,-0.05573551427118837,0.26429996699503117,-0.2582514090781618,0.11540372004449972,0.3847973481701486,-0.4908423921617817,-0.17202344204540768,0.25567016782154434,51.0,9.0
first_1m,sylber_npvi,15,2000,2000,0,-0.28323264470060605,-0.05479472765971376,0.18268466657939425,-0.13923253828126111,0.11754456361386514,0.33142388495195235,-0.42062988485460506,-0.17227779101061272,0.12587322571882226,76.0,13.0
first_1m,sylber_npvi,20,2000,2000,0,-0.23583487075156528,-0.05316289044722096,0.13643310669857,-0.0835315738191564,0.12311304576064357,0.2881585520895449,-0.3848478007377753,-0.16770671774949003,0.08308198518066315,101.0,17.0
first_1m,sylber_npvi,30,2000,2000,0,-0.18169107965978082,-0.05048858710144091,0.07713797346189497,-0.01937156572451911,0.12028632529734748,0.23715622877914166,-0.3248467163139965,-0.17157476180459602,-0.006027517961318726,152.0,26.0
first_1m,sylber_npvi,40,2000,2000,0,-0.13586069065268258,-0.05399690158279851,0.03369681660126213,0.02952544127564128,0.12039833047279762,0.20025891144650498,-0.26908280660162753,-0.17371140509582084,-0.05866763565882469,203.0,34.0
first_1m,sylber_npvi,56,1,1,0,-0.052711461529662614,-0.052711461529662614,-0.052711461529662614,0.1214022958557653,0.1214022958557653,0.1214022958557653,-0.17411375738542792,-0.17411375738542792,-0.17411375738542792,283.0,48.0
first_2m,sylber_npvi,2,2000,1901,99,-0.7637626158259733,-0.051157181340598885,0.8783100656536799,-0.8944271909999159,0.04876814154594281,0.7185180683963587,-0.760482899127952,-0.0900132055775322,1.7566201313073597,13.0,2.0
first_2m,sylber_npvi,3,2000,1992,8,-0.5983660736054125,-0.03492284065420899,0.7637626158259733,-0.8728715609439693,0.0627110943687121,0.6522142816080049,-0.6607712477812024,-0.10324923235199862,1.2588158224537438,15.0,3.0
first_2m,sylber_npvi,5,2000,2000,0,-0.4009252550509407,-0.02704746526920235,0.4703108934751365,-0.5877211875596752,0.07604115551789958,0.5108406372127868,-0.5258841658968602,-0.12292254730740251,0.6978390778618024,27.0,5.0
first_2m,sylber_npvi,8,2000,2000,0,-0.3354824877896778,-0.019798901330175218,0.3470038538990681,-0.34049866689737346,0.11065068512421522,0.4253434815519664,-0.47211693085174916,-0.13566595132866952,0.3741800817078817,43.0,7.0
first_2m,sylber_npvi,10,2000,2000,0,-0.295225957796587,-0.027430270798052103,0.2724356796246305,-0.2731847396003959,0.10935979909787918,0.39146389511422697,-0.41557433341653455,-0.13092257173763655,0.2867756431910298,54.0,9.0
first_2m,sylber_npvi,15,2000,2000,0,-0.22052435786540725,-0.02501763934013375,0.20415093502365214,-0.15121065749488385,0.12049152349107106,0.33360541702239993,-0.35421647702906195,-0.14523269814632267,0.15428547166555548,78.0,14.0
first_2m,sylber_npvi,20,2000,2000,0,-0.18893681771854984,-0.023947369203836114,0.14525547112873893,-0.09392464785559988,0.11830260518791512,0.2886406657742667,-0.3255159312969567,-0.14284470649587577,0.08156762624590162,104.0,18.0
first_2m,sylber_npvi,30,2000,2000,0,-0.14048294007070286,-0.02695006572142311,0.09156223569017216,-0.022988044219746772,0.1188954735700076,0.23975614838319506,-0.2719220920780241,-0.14436673161226682,0.010906550195405403,158.0,27.0
first_2m,sylber_npvi,40,2000,2000,0,-0.10241551234902267,-0.02559908403055165,0.054343180870325365,0.018727471025526403,0.12124665984713358,0.19915002522805025,-0.23213508531211138,-0.1459374244830716,-0.04470848380314793,209.0,36.0
first_2m,sylber_npvi,56,1,1,0,-0.025592626063868768,-0.025592626063868768,-0.025592626063868768,0.12062344063067887,0.12062344063067887,0.12062344063067887,-0.14621606669454765,-0.14621606669454765,-0.14621606669454765,294.0,51.0
first_3m,sylber_npvi,2,2000,1901,99,-0.8944271909999159,-0.0213051610070063,0.8783100656536799,-0.8944271909999159,0.04876814154594281,0.7185180683963587,-0.6257114564255933,-0.0006899208143551494,1.1999999999999997,13.0,2.0
first_3m,sylber_npvi,3,2000,1992,8,-0.6910672464630458,0.010017277842923122,0.7464410860307304,-0.8728715609439693,0.0627110943687121,0.6522142816080049,-0.5554880811802504,-0.035175883647649966,0.8968519304931003,15.0,3.0
first_3m,sylber_npvi,5,2000,2000,0,-0.4493283138785252,0.013475698433762527,0.4738727103264431,-0.5877211875596752,0.07604115551789958,0.5108406372127868,-0.4279256831018474,-0.051217230899956764,0.4563141785253868,27.0,5.0
first_3m,sylber_npvi,8,2000,2000,0,-0.3044777223304217,0.03666274354929764,0.38534230879052594,-0.34049866689737346,0.11065068512421522,0.4253434815519664,-0.3450967706395218,-0.06030666161562728,0.2582415228043509,43.0,7.0
first_3m,sylber_npvi,10,2000,2000,0,-0.23954529475121036,0.039862804776059094,0.3310148986186551,-0.2731847396003959,0.10935979909787918,0.39146389511422697,-0.3015840591792018,-0.06223524392856219,0.22251673330787883,54.0,9.0
first_3m,sylber_npvi,15,2000,2000,0,-0.16975526034549218,0.04142972435303621,0.26432365312950135,-0.15121065749488385,0.12049152349107106,0.33360541702239993,-0.2550234110810188,-0.07322056845247432,0.14450417224293335,78.0,14.0
first_3m,sylber_npvi,20,2000,2000,0,-0.13205580614878518,0.04308112467039485,0.21285079394784914,-0.09392464785559988,0.11830260518791512,0.2886406657742667,-0.21794186155379064,-0.07533891519294898,0.09519583710054999,104.0,18.0
first_3m,sylber_npvi,30,2000,2000,0,-0.08158894916291136,0.040413331976173916,0.1557212594101535,-0.022988044219746772,0.1188954735700076,0.23975614838319506,-0.1801366254627891,-0.07571596672953752,0.03259963044442978,158.0,27.0
first_3m,sylber_npvi,40,2000,2000,0,-0.03941046091864293,0.04567324042795855,0.11982921461593556,0.018727471025526403,0.12124665984713358,0.19915002522805025,-0.1427046202088235,-0.07736990221804724,0.0002476207037271283,209.0,36.0
first_3m,sylber_npvi,56,1,1,0,0.04419401151306253,0.04419401151306253,0.04419401151306253,0.12062344063067887,0.12062344063067887,0.12062344063067887,-0.07642942911761634,-0.07642942911761634,-0.07642942911761634,294.0,51.0
first_5m,sylber_npvi,2,2000,1901,99,-0.8944271909999159,0.08778265478269706,0.7580047405769328,-0.8944271909999159,0.04876814154594281,0.7185180683963587,-0.4472135954999579,0.005339036387795981,0.8406680016960502,13.0,2.0
first_5m,sylber_npvi,3,2000,1992,8,-0.7637626158259733,0.08781544386218956,0.6837810122246671,-0.8728715609439693,0.0627110943687121,0.6522142816080049,-0.3923343436060601,0.020048750554677544,0.5455447255899809,15.0,3.0
first_5m,sylber_npvi,5,2000,2000,0,-0.5024415910805479,0.09675326340171737,0.5285572846824363,-0.5877211875596752,0.07604115551789958,0.5108406372127868,-0.23277717224627206,0.021020663315832782,0.3246739395036664,27.0,5.0
first_5m,sylber_npvi,8,2000,2000,0,-0.3068794996854815,0.11232829041120158,0.43796710611988776,-0.34049866689737346,0.11065068512421522,0.4253434815519664,-0.16652312609663605,0.0029809190825290655,0.1811327456992591,43.0,7.0
first_5m,sylber_npvi,10,2000,2000,0,-0.23093674183607316,0.11627161319492768,0.38886832379418873,-0.2731847396003959,0.10935979909787918,0.39146389511422697,-0.1419023152981353,0.0072330575950583995,0.1690340013254001,54.0,9.0
first_5m,sylber_npvi,15,2000,2000,0,-0.14285913315727458,0.11803445342841715,0.3275259602237889,-0.15121065749488385,0.12049152349107106,0.33360541702239993,-0.10786145364902305,0.00265796228525458,0.11518958497672878,78.0,14.0
first_5m,sylber_npvi,20,2000,2000,0,-0.08855756530207953,0.11778242880105946,0.2919027248675656,-0.09392464785559988,0.11830260518791512,0.2886406657742667,-0.08936669534630207,-0.0006462893862221736,0.09505679433408072,104.0,18.0
first_5m,sylber_npvi,30,2000,2000,0,-0.025606014578108235,0.11559470505558261,0.23717746289392008,-0.022988044219746772,0.1188954735700076,0.23975614838319506,-0.06091038103203434,-0.0027755188046921023,0.062413178062280666,158.0,27.0
first_5m,sylber_npvi,40,2000,2000,0,0.02095667055037489,0.11848333763763086,0.19346579149856025,0.018727471025526403,0.12124665984713358,0.19915002522805025,-0.04546508326077189,-0.003047261355655091,0.0397860436517795,209.0,36.0
first_5m,sylber_npvi,56,1,1,0,0.11722186442522975,0.11722186442522975,0.11722186442522975,0.12062344063067887,0.12062344063067887,0.12062344063067887,-0.0034015762054491194,-0.0034015762054491194,-0.0034015762054491194,294.0,51.0
full,sylber_npvi,2,2000,1901,99,-0.8944271909999159,0.04876814154594281,0.7185180683963587,-0.8944271909999159,0.04876814154594281,0.7185180683963587,0.0,0.0,0.0,13.0,2.0
full,sylber_npvi,3,2000,1992,8,-0.8728715609439693,0.0627110943687121,0.6522142816080049,-0.8728715609439693,0.0627110943687121,0.6522142816080049,0.0,0.0,0.0,15.0,3.0
full,sylber_npvi,5,2000,2000,0,-0.5877211875596752,0.07604115551789958,0.5108406372127868,-0.5877211875596752,0.07604115551789958,0.5108406372127868,0.0,0.0,0.0,27.0,5.0
full,sylber_npvi,8,2000,2000,0,-0.34049866689737346,0.11065068512421522,0.4253434815519664,-0.34049866689737346,0.11065068512421522,0.4253434815519664,0.0,0.0,0.0,43.0,7.0
full,sylber_npvi,10,2000,2000,0,-0.2731847396003959,0.10935979909787918,0.39146389511422697,-0.2731847396003959,0.10935979909787918,0.39146389511422697,0.0,0.0,0.0,54.0,9.0
full,sylber_npvi,15,2000,2000,0,-0.15121065749488385,0.12049152349107106,0.33360541702239993,-0.15121065749488385,0.12049152349107106,0.33360541702239993,0.0,0.0,0.0,78.0,14.0
full,sylber_npvi,20,2000,2000,0,-0.09392464785559988,0.11830260518791512,0.2886406657742667,-0.09392464785559988,0.11830260518791512,0.2886406657742667,0.0,0.0,0.0,104.0,18.0
full,sylber_npvi,30,2000,2000,0,-0.022988044219746772,0.1188954735700076,0.23975614838319506,-0.022988044219746772,0.1188954735700076,0.23975614838319506,0.0,0.0,0.0,158.0,27.0
full,sylber_npvi,40,2000,2000,0,0.018727471025526403,0.12124665984713358,0.19915002522805025,0.018727471025526403,0.12124665984713358,0.19915002522805025,0.0,0.0,0.0,209.0,36.0
full,sylber_npvi,56,1,1,0,0.12062344063067887,0.12062344063067887,0.12062344063067887,0.12062344063067887,0.12062344063067887,0.12062344063067887,0.0,0.0,0.0,294.0,51.0
first_30s,sylber_final_lengthening,2,2000,1632,368,-0.8819364188565829,0.09759000729485331,0.8944271909999159,-0.8944271909999159,-0.15376974024387274,0.7944613465542745,-0.9914378918569295,0.19518001458970666,1.424634174586752,8.0,2.0
first_30s,sylber_final_lengthening,3,2000,1877,123,-0.4851184199322682,0.08774639101349538,0.8944271909999159,-0.8243178784623898,-0.12745624319667456,0.674199862463242,-0.6831570243633188,0.19678617477555171,1.3416407864998738,13.0,2.0
first_30s,sylber_final_lengthening,5,2000,1981,19,-0.34751705883420164,0.09162116201978589,0.7614564092205389,-0.6276459144608478,-0.11663517718147184,0.5108788788900741,-0.4311218406504541,0.19231062041606012,1.0009148552248268,20.0,4.0
first_30s,sylber_final_lengthening,8,2000,2000,0,-0.2612244910949714,0.09471531557338772,0.5787401057949568,-0.469805526402968,-0.10940788345422475,0.3313197342720706,-0.27422082348595744,0.19141616138941195,0.7523862389018362,33.0,6.0
first_30s,sylber_final_lengthening,10,2000,2000,0,-0.2090197524865129,0.09116597239736485,0.4695480053633114,-0.4100513516045404,-0.11796344259854866,0.263709977101409,-0.19215352899436117,0.19533935823777987,0.6346645777010067,42.0,7.0
first_30s,sylber_final_lengthening,15,2000,2000,0,-0.14805384886266043,0.10367595982228156,0.3889797594212586,-0.3340076149976296,-0.11184001548948971,0.1637817821009231,-0.10320525516447486,0.20873176744246763,0.547981238439841,62.0,11.0
first_30s,sylber_final_lengthening,20,2000,2000,0,-0.11414570367618761,0.09604510242547074,0.32431429957173685,-0.3015175107712971,-0.11600887732319937,0.1033699468956557,-0.057098922465327474,0.20196193442822785,0.4693849436053091,82.0,15.0
first_30s,sylber_final_lengthening,30,2000,2000,0,-0.0547074798364764,0.09631242687232835,0.2548656365089945,-0.2500729606506122,-0.11872318116848973,0.029326597152257182,0.028286945725607755,0.21698327748765284,0.39181804145958016,124.0,22.0
first_30s,sylber_final_lengthening,40,2000,2000,0,-0.007416182750568443,0.10011096566011948,0.20553999656996957,-0.2024702889401868,-0.11648420493666545,-0.015537701519279978,0.08824782802596674,0.21678983471555963,0.3259869267857147,166.0,29.0
first_30s,sylber_final_lengthening,56,1,1,0,0.09721225600392454,0.09721225600392454,0.09721225600392454,-0.1171362357794979,-0.1171362357794979,-0.1171362357794979,0.21434849178342244,0.21434849178342244,0.21434849178342244,232.0,41.0
first_1m,sylber_final_lengthening,2,2000,1844,156,-0.6831300510639732,0.1070792803185025,0.8944271909999159,-0.8944271909999159,-0.10535368469697448,0.8887643785389182,-0.9528158497186612,0.18540943294485773,1.2649110640673518,12.0,2.0
first_1m,sylber_final_lengthening,3,2000,1971,29,-0.5796130290514093,0.10882299321809624,0.7637626158259733,-0.7759705701987263,-0.10735838854368907,0.6358785074489518,-0.7300821388611928,0.19596910696602973,0.9546515843124818,15.0,3.0
first_1m,sylber_final_lengthening,5,2000,2000,0,-0.36285141878707206,0.1024774356517673,0.5600860861883623,-0.5608751029212036,-0.1002245044109749,0.40390376844754017,-0.39038521529796577,0.18704409791837381,0.701952172920458,26.0,4.0
first_1m,sylber_final_lengthening,8,2000,2000,0,-0.2763771487286899,0.08366417678731472,0.41882196519196535,-0.43835029440466483,-0.0893110825834726,0.3009509457655094,-0.26506898363164305,0.18184705353535013,0.5386971717867991,41.0,7.0
first_1m,sylber_final_lengthening,10,2000,2000,0,-0.22636457705061275,0.07817257838785366,0.39249181460467386,-0.3960261355480753,-0.08968037438486122,0.25439682457410295,-0.19124391674057986,0.17371186738534314,0.5136626707762694,51.0,9.0
first_1m,sylber_final_lengthening,15,2000,2000,0,-0.15749781411054245,0.08705660914046606,0.3094375728537288,-0.3086428867663269,-0.0907753649056301,0.15585252960725365,-0.10323429322983493,0.182508279268989,0.4202594121145641,76.0,13.0
first_1m,sylber_final_lengthening,20,2000,2000,0,-0.09768877509982483,0.08291696545264965,0.2726074415119163,-0.26792621097535124,-0.09484908550710702,0.10942407282907442,-0.04126684670664157,0.17220455553163455,0.3640551818511468,101.0,17.0
first_1m,sylber_final_lengthening,30,2000,2000,0,-0.05390975145029999,0.07976133369030859,0.20832196505731224,-0.2292766191728973,-0.09793322813284801,0.04168434672374808,0.03341983286591732,0.17387686261209417,0.3197976819192986,152.0,26.0
first_1m,sylber_final_lengthening,40,2000,2000,0,-0.008611566708076947,0.07723744601688579,0.17211861434699252,-0.17837741315595754,-0.095799428948597,-0.007032264616932102,0.08443009308174908,0.1707649361389308,0.27473809005072225,203.0,34.0
first_1m,sylber_final_lengthening,56,1,1,0,0.07915258531119336,0.07915258531119336,0.07915258531119336,-0.09471352411160418,-0.09471352411160418,-0.09471352411160418,0.17386610942279754,0.17386610942279754,0.17386610942279754,283.0,48.0
first_2m,sylber_final_lengthening,2,2000,1901,99,-0.8863686283267979,0.05978796264898704,0.8863686283267979,-0.8944271909999159,-0.09759000729485331,0.8944271909999159,-0.7807200583588265,0.15018785229652765,1.1831543484363167,13.0,2.0
first_2m,sylber_final_lengthening,3,2000,1992,8,-0.6224578587380911,0.04917627458346372,0.7011826006501937,-0.7171371656006361,-0.09759000729485331,0.6218047264257656,-0.6324555320336758,0.13281637444848948,0.9020443706470198,15.0,3.0
first_2m,sylber_final_lengthening,5,2000,2000,0,-0.40581041543846424,0.03252528084024639,0.4758922491060455,-0.5305205156820283,-0.09204700091975043,0.40390376844754017,-0.3303746952680775,0.11367805390112751,0.5465577774271928,27.0,5.0
first_2m,sylber_final_lengthening,8,2000,2000,0,-0.30225181031630033,0.041058970834088195,0.37373122826134214,-0.42345784300446343,-0.07345007024250534,0.3021585098617454,-0.1815293731918534,0.10814638065913618,0.4158591885629771,43.0,7.0
first_2m,sylber_final_lengthening,10,2000,2000,0,-0.26986060604371614,0.043104507137572204,0.3288157012828811,-0.3799856017515734,-0.07641080876888487,0.2565983254485584,-0.13693329699789378,0.11154411390175323,0.37627356859798233,54.0,9.0
first_2m,sylber_final_lengthening,15,2000,2000,0,-0.1856655009406886,0.039300659216505295,0.2686481415438125,-0.2998038475133922,-0.07570464545863298,0.16391395497125255,-0.07404071641231687,0.11002073775196254,0.30990162751056427,78.0,14.0
first_2m,sylber_final_lengthening,20,2000,2000,0,-0.15035466990794769,0.03316999292380668,0.22331320450996361,-0.2603659669328784,-0.0794135052593713,0.11651096518948943,-0.03579090041507166,0.10966216860132459,0.2605616065361623,104.0,18.0
first_2m,sylber_final_lengthening,30,2000,2000,0,-0.09580414005771178,0.03136844773282517,0.1596796211111484,-0.21109617565854571,-0.08444223533876044,0.053613534176760555,0.009964072161288865,0.11227853138114495,0.21460469211453254,158.0,27.0
first_2m,sylber_final_lengthening,40,2000,2000,0,-0.05478568776257674,0.030615860961370308,0.12356517434274662,-0.1664329017400171,-0.0809680546695121,0.006703832641335735,0.04640128312905379,0.11166534272978812,0.17862768374481955,209.0,36.0
first_2m,sylber_final_lengthening,56,1,1,0,0.03142404390578418,0.03142404390578418,0.03142404390578418,-0.08032394560368564,-0.08032394560368564,-0.08032394560368564,0.11174798950946982,0.11174798950946982,0.11174798950946982,294.0,51.0
first_3m,sylber_final_lengthening,2,2000,1901,99,-0.8944271909999159,0.08415225741168546,0.8944271909999159,-0.8944271909999159,-0.09759000729485331,0.8944271909999159,-0.7009565531933688,0.1428868927691191,1.1595420713048967,13.0,2.0
first_3m,sylber_final_lengthening,3,2000,1992,8,-0.7022710929802609,0.09759000729485331,0.7074131898617779,-0.7171371656006361,-0.09759000729485331,0.6218047264257656,-0.5178856154730691,0.16090123343780324,0.8077133445235533,15.0,3.0
first_3m,sylber_final_lengthening,5,2000,2000,0,-0.4184443382734465,0.06869004468913084,0.5167617791193326,-0.5305205156820283,-0.09204700091975043,0.40390376844754017,-0.31151696173109894,0.15432531018539886,0.548808574953442,27.0,5.0
first_3m,sylber_final_lengthening,8,2000,2000,0,-0.30462125533926165,0.08113984584999044,0.41343020672434994,-0.42345784300446343,-0.07345007024250534,0.3021585098617454,-0.18131248662502814,0.1494705293261342,0.4239913757917625,43.0,7.0
first_3m,sylber_final_lengthening,10,2000,2000,0,-0.2731556212116922,0.07204815529574574,0.3689941593087497,-0.3799856017515734,-0.07641080876888487,0.2565983254485584,-0.13280521796392616,0.14986226559121435,0.3963892559660187,54.0,9.0
first_3m,sylber_final_lengthening,15,2000,2000,0,-0.17106737020716453,0.0740353286807198,0.2989384339734549,-0.2998038475133922,-0.07570464545863298,0.16391395497125255,-0.044688111787135,0.14998564401218106,0.3326545390248043,78.0,14.0
first_3m,sylber_final_lengthening,20,2000,2000,0,-0.12723042680276128,0.07169809804012514,0.2634646334338879,-0.2603659669328784,-0.0794135052593713,0.11651096518948943,-0.007106143960871263,0.14811378667918168,0.29723921150060717,104.0,18.0
first_3m,sylber_final_lengthening,30,2000,2000,0,-0.07055923970619576,0.06582585308958085,0.20671951382562415,-0.21109617565854571,-0.08444223533876044,0.053613534176760555,0.03913562851829717,0.1470370924314502,0.2589296051727193,158.0,27.0
first_3m,sylber_final_lengthening,40,2000,2000,0,-0.02312023121394035,0.06596205268583785,0.16453721429050483,-0.1664329017400171,-0.0809680546695121,0.006703832641335735,0.07880236032706482,0.1458854195293927,0.22853711897132095,209.0,36.0
first_3m,sylber_final_lengthening,56,1,1,0,0.06742571307501363,0.06742571307501363,0.06742571307501363,-0.08032394560368564,-0.08032394560368564,-0.08032394560368564,0.14774965867869927,0.14774965867869927,0.14774965867869927,294.0,51.0
first_5m,sylber_final_lengthening,2,2000,1901,99,-0.8944271909999159,-0.020902346341684475,0.7972306732771371,-0.8944271909999159,-0.09759000729485331,0.8944271909999159,-0.5655423846795503,0.0,0.8823259665964731,13.0,2.0
first_5m,sylber_final_lengthening,3,2000,1992,8,-0.7313818327793039,-0.030940472447427453,0.6362850567010121,-0.7171371656006361,-0.09759000729485331,0.6218047264257656,-0.3620445829477321,0.02401529286321313,0.5855400437691198,15.0,3.0
first_5m,sylber_final_lengthening,5,2000,2000,0,-0.5030557589609324,-0.032032353718661546,0.4286541327836028,-0.5305205156820283,-0.09204700091975043,0.40390376844754017,-0.21986023981092634,0.04059743256189666,0.35430259478090165,27.0,5.0
first_5m,sylber_final_lengthening,8,2000,2000,0,-0.3884983471500889,-0.029724665200927446,0.326467238333463,-0.42345784300446343,-0.07345007024250534,0.3021585098617454,-0.12687152592488585,0.04135065139854255,0.24447529627298326,43.0,7.0
first_5m,sylber_final_lengthening,10,2000,2000,0,-0.34025458870138775,-0.026763851679849585,0.2729155309421729,-0.3799856017515734,-0.07641080876888487,0.2565983254485584,-0.09911957517993242,0.04279957135272726,0.21663411847572245,54.0,9.0
first_5m,sylber_final_lengthening,15,2000,2000,0,-0.25925916084312545,-0.02710357881564884,0.19871114445377877,-0.2998038475133922,-0.07570464545863298,0.16391395497125255,-0.06276067884128177,0.044897322533090527,0.17058889493064597,78.0,14.0
first_5m,sylber_final_lengthening,20,2000,2000,0,-0.21544860011100073,-0.031241826627724786,0.16868388082807872,-0.2603659669328784,-0.0794135052593713,0.11651096518948943,-0.041427029557452845,0.04499912779165236,0.14262391004443656,104.0,18.0
first_5m,sylber_final_lengthening,30,2000,2000,0,-0.16731578217722945,-0.03469628881179138,0.10362551205633737,-0.21109617565854571,-0.08444223533876044,0.053613534176760555,-0.015156919186906485,0.046727249494028095,0.11042583769249824,158.0,27.0
first_5m,sylber_final_lengthening,40,2000,2000,0,-0.11815689314311319,-0.034747693181303135,0.06445363355788045,-0.1664329017400171,-0.0809680546695121,0.006703832641335735,0.004552507064648571,0.04757152304962345,0.09013906037980511,209.0,36.0
first_5m,sylber_final_lengthening,56,1,1,0,-0.03301101026408388,-0.03301101026408388,-0.03301101026408388,-0.08032394560368564,-0.08032394560368564,-0.08032394560368564,0.04731293533960176,0.04731293533960176,0.04731293533960176,294.0,51.0
full,sylber_final_lengthening,2,2000,1901,99,-0.8944271909999159,-0.09759000729485331,0.8944271909999159,-0.8944271909999159,-0.09759000729485331,0.8944271909999159,0.0,0.0,0.0,13.0,2.0
full,sylber_final_lengthening,3,2000,1992,8,-0.7171371656006361,-0.09759000729485331,0.6218047264257656,-0.7171371656006361,-0.09759000729485331,0.6218047264257656,0.0,0.0,0.0,15.0,3.0
full,sylber_final_lengthening,5,2000,2000,0,-0.5305205156820283,-0.09204700091975043,0.40390376844754017,-0.5305205156820283,-0.09204700091975043,0.40390376844754017,0.0,0.0,0.0,27.0,5.0
full,sylber_final_lengthening,8,2000,2000,0,-0.42345784300446343,-0.07345007024250534,0.3021585098617454,-0.42345784300446343,-0.07345007024250534,0.3021585098617454,0.0,0.0,0.0,43.0,7.0
full,sylber_final_lengthening,10,2000,2000,0,-0.3799856017515734,-0.07641080876888487,0.2565983254485584,-0.3799856017515734,-0.07641080876888487,0.2565983254485584,0.0,0.0,0.0,54.0,9.0
full,sylber_final_lengthening,15,2000,2000,0,-0.2998038475133922,-0.07570464545863298,0.16391395497125255,-0.2998038475133922,-0.07570464545863298,0.16391395497125255,0.0,0.0,0.0,78.0,14.0
full,sylber_final_lengthening,20,2000,2000,0,-0.2603659669328784,-0.0794135052593713,0.11651096518948943,-0.2603659669328784,-0.0794135052593713,0.11651096518948943,0.0,0.0,0.0,104.0,18.0
full,sylber_final_lengthening,30,2000,2000,0,-0.21109617565854571,-0.08444223533876044,0.053613534176760555,-0.21109617565854571,-0.08444223533876044,0.053613534176760555,0.0,0.0,0.0,158.0,27.0
full,sylber_final_lengthening,40,2000,2000,0,-0.1664329017400171,-0.0809680546695121,0.006703832641335735,-0.1664329017400171,-0.0809680546695121,0.006703832641335735,0.0,0.0,0.0,209.0,36.0
full,sylber_final_lengthening,56,1,1,0,-0.08032394560368564,-0.08032394560368564,-0.08032394560368564,-0.08032394560368564,-0.08032394560368564,-0.08032394560368564,0.0,0.0,0.0,294.0,51.0
first_30s,turn_duration,2,2000,1846,154,-0.8944271909999159,0.1308312048464419,0.8944271909999159,-0.8944271909999159,0.0,0.8944271909999159,-1.1952286093343936,0.1493438736238702,1.561440116717653,10.0,2.0
first_30s,turn_duration,3,2000,1977,23,-0.5631616766739044,0.10012523486435178,0.7637626158259733,-0.7792368583904056,0.0033978731913813596,0.7637626158259733,-0.8260331876309022,0.09175973131181563,1.2510042173896159,14.0,3.0
first_30s,turn_duration,5,2000,2000,0,-0.3538352188315891,0.07371711418376636,0.48187586556088086,-0.5507757903229706,0.025110931806439363,0.4449417438818587,-0.6202263248512665,0.05147243940197073,0.8484641733765587,23.0,5.0
first_30s,turn_duration,8,2000,2000,0,-0.23280899204584138,0.07288447651435093,0.37075341747930407,-0.39366167879181657,0.007388828554572469,0.3100225115383022,-0.4439475763866923,0.06028795698400008,0.6378895796619418,38.0,7.0
first_30s,turn_duration,10,2000,2000,0,-0.19840766934274545,0.07282619793364789,0.32238138391782745,-0.287258247415314,0.011016476321441888,0.24559953777459126,-0.3432220512878652,0.060970840064922024,0.5323785686486299,47.0,9.0
first_30s,turn_duration,15,2000,2000,0,-0.1317247399902659,0.06056345063382535,0.2539022137147138,-0.2272978577232967,0.008336769959417397,0.19780594050169278,-0.2608499809520893,0.056809789476418605,0.40810926251731033,71.0,13.0
first_30s,turn_duration,20,2000,2000,0,-0.09922671719986745,0.06611112212241214,0.2210383958432935,-0.16734276108229523,0.006734248205598566,0.1704839793627495,-0.22130031084269894,0.057899298071108496,0.3279317923883589,94.0,18.0
first_30s,turn_duration,30,2000,2000,0,-0.043027778794537994,0.06643524066974996,0.1751187504685331,-0.10953714994242077,0.006405406450968289,0.11475907454535504,-0.11693352006700852,0.06269120481241006,0.24467320677936194,141.0,26.0
first_30s,turn_duration,40,2000,2000,0,-0.005724671735161639,0.06365077037461357,0.13840675173269726,-0.0719700043980843,0.003205629418736502,0.08534455039038377,-0.07031195291179415,0.0606221987191962,0.19021433825466655,188.0,35.0
first_30s,turn_duration,56,1,1,0,0.0643941101502769,0.0643941101502769,0.0643941101502769,0.005162346587957238,0.005162346587957238,0.005162346587957238,0.05923176356231967,0.05923176356231967,0.05923176356231967,263.0,49.0
first_1m,turn_duration,2,2000,1887,113,-0.8920096221979804,0.2161010236456067,0.9121593238215745,-0.8944271909999159,0.003464711458025265,0.892009622197979,-1.3416407864998738,0.23002587936722513,1.5083811438803107,12.0,2.0
first_1m,turn_duration,3,2000,1985,15,-0.6611073566849315,0.20506233115536987,0.8063284408105567,-0.712133157435945,0.011893911809799667,0.7318626170977306,-0.9759000729485332,0.22370695629963802,1.107798529669345,15.0,3.0
first_1m,turn_duration,5,2000,2000,0,-0.3183082762856695,0.18518486844806675,0.6160275461879514,-0.4842569618011185,0.02821462358097831,0.4234254212727455,-0.5568522858590444,0.17389432305245103,0.8397358680459895,27.0,5.0
first_1m,turn_duration,8,2000,2000,0,-0.15958266348768627,0.19733440184970352,0.5068163086070612,-0.330723224811103,0.015535501890779119,0.30182517191185504,-0.32637950698094487,0.18687657156453927,0.6468343665624485,42.0,7.0
first_1m,turn_duration,10,2000,2000,0,-0.1272798644519153,0.20004448435791994,0.4666326132836471,-0.26380274056604985,0.015748720887827455,0.24919618688898032,-0.24774605850934234,0.19206151523423198,0.5749866364964471,53.0,9.0
first_1m,turn_duration,15,2000,2000,0,-0.04794695876469979,0.1903210481482595,0.4074779811238257,-0.1994080074080806,0.014952427674500848,0.20049564688844587,-0.12852769490012278,0.17634871559573645,0.4733590919684954,77.0,13.0
first_1m,turn_duration,20,2000,2000,0,0.017443622480376994,0.19201743469316157,0.36588310982064615,-0.14384421810572307,0.01412689204429165,0.17069590149057884,-0.0752170568984811,0.17625946435994477,0.4202338975210418,103.0,18.0
first_1m,turn_duration,30,2000,2000,0,0.07167866404483027,0.1946843234266919,0.3178833278257906,-0.0957352638371623,0.013186891109258008,0.11560140348837102,0.0070179595874858055,0.18187296419269952,0.34720575495236106,155.0,27.0
first_1m,turn_duration,40,2000,2000,0,0.10402986946041964,0.19202265482656344,0.27102138899096734,-0.06172465477332588,0.010184108245621618,0.08788743958731564,0.06300771330536414,0.18028907082678858,0.3020068206845324,206.0,36.0
first_1m,turn_duration,56,1,1,0,0.19283643899576827,0.19283643899576827,0.19283643899576827,0.012288899273136734,0.012288899273136734,0.012288899273136734,0.18054753972263154,0.18054753972263154,0.18054753972263154,289.0,50.0
first_2m,turn_duration,2,2000,1904,96,-0.8783100656536799,0.0895350853272371,0.8728715609439693,-0.8944271909999159,0.009283435286014954,0.8783100656536799,-0.7061878636037996,0.08011402691033531,0.6633785162621155,13.0,2.0
first_2m,turn_duration,3,2000,1992,8,-0.5948157449095346,0.1005736100592323,0.6490805871977509,-0.6853472014763514,0.012497541718748492,0.7006490497453707,-0.5866523493053643,0.09620239681324996,0.5824609965718892,15.0,3.0
first_2m,turn_duration,5,2000,2000,0,-0.3997409664220875,0.09949656171981677,0.4645764281106645,-0.4879138643684619,0.027521049698116362,0.41560024954736197,-0.3691203834543771,0.08892669306664731,0.4574165140762848,27.0,5.0
first_2m,turn_duration,8,2000,2000,0,-0.27771698356044655,0.09619371516160846,0.3616047870214673,-0.33762296418795573,0.009116765662318602,0.2989868893392736,-0.22172417909578068,0.09145229077215396,0.38278880160847367,43.0,7.0
first_2m,turn_duration,10,2000,2000,0,-0.17598320330036063,0.09774586330415787,0.34809471054691776,-0.2727123234524511,0.008470198292266723,0.24411675713726058,-0.16600739659917504,0.08863682817446697,0.3477114527887338,54.0,9.0
first_2m,turn_duration,15,2000,2000,0,-0.12401026441672212,0.0984542460597061,0.2753022782903683,-0.2062879873370859,0.00843166982475661,0.19602390494772987,-0.1088900794808562,0.08737547783729982,0.2854618357392837,78.0,14.0
first_2m,turn_duration,20,2000,2000,0,-0.067144286129432,0.09688834128808402,0.2490211630977685,-0.1492507066708758,0.0069720790233308745,0.16590337623159726,-0.07149560890695116,0.09096838546897007,0.23964076692811428,105.0,18.0
first_2m,turn_duration,30,2000,2000,0,-0.017360315680250572,0.09784255951901163,0.20803134065376644,-0.10475107026932026,0.006808943410176103,0.1155769426850193,-0.02331045478650657,0.09133301320354939,0.19972537095556486,158.0,27.0
first_2m,turn_duration,40,2000,2000,0,0.02525758751371356,0.09775444326047408,0.16512998215134775,-0.06744501900100477,0.004147717614182337,0.08306213180608737,0.016035869559817884,0.09360416533832144,0.16533163963093708,210.0,36.0
first_2m,turn_duration,56,1,1,0,0.09705841842312822,0.09705841842312822,0.09705841842312822,0.006123861887608548,0.006123861887608548,0.006123861887608548,0.09093455653551967,0.09093455653551967,0.09093455653551967,295.0,51.0
first_3m,turn_duration,2,2000,1904,96,-0.8783100656536799,0.07091939537944865,0.8944271909999159,-0.8944271909999159,0.009283435286014954,0.8783100656536799,-0.5073005776088747,0.031620862834026854,0.5818573654517123,13.0,2.0
first_3m,turn_duration,3,2000,1992,8,-0.6829761586049117,0.05928599950495358,0.7354916321399863,-0.6853472014763514,0.012497541718748492,0.7006490497453707,-0.38790491030114155,0.03494528750768611,0.4268516302067791,15.0,3.0
first_3m,turn_duration,5,2000,2000,0,-0.4671861797130197,0.05565080504051223,0.44977076762675106,-0.4879138643684619,0.027521049698116362,0.41560024954736197,-0.21679675880646523,0.028331189620216215,0.30936125103605766,27.0,5.0
first_3m,turn_duration,8,2000,2000,0,-0.32097956236905256,0.04955513782939804,0.32620055645990964,-0.33762296418795573,0.009116765662318602,0.2989868893392736,-0.14085169001942452,0.035449938129648924,0.2430316332907084,43.0,7.0
first_3m,turn_duration,10,2000,2000,0,-0.23849122767364273,0.04129787831121967,0.2945722477456031,-0.2727123234524511,0.008470198292266723,0.24411675713726058,-0.11468685782021645,0.030203461513293867,0.21409971171089803,54.0,9.0
first_3m,turn_duration,15,2000,2000,0,-0.17190318777091176,0.04720572395753399,0.24606993513927836,-0.2062879873370859,0.00843166982475661,0.19602390494772987,-0.08323273467000039,0.036713781870999815,0.16874840337834573,78.0,14.0
first_3m,turn_duration,20,2000,2000,0,-0.12186076187974948,0.04525692290061033,0.2155944696851662,-0.1492507066708758,0.0069720790233308745,0.16590337623159726,-0.06311026974416177,0.03727978338310932,0.14169266631792898,105.0,18.0
first_3m,turn_duration,30,2000,2000,0,-0.07057052858535283,0.04645695269317266,0.1573989943653954,-0.10475107026932026,0.006808943410176103,0.1155769426850193,-0.03296548465480374,0.04024948710803941,0.11257343100439925,158.0,27.0
first_3m,turn_duration,40,2000,2000,0,-0.030647107149399094,0.046167977092104476,0.12358667446027716,-0.06744501900100477,0.004147717614182337,0.08306213180608737,-0.012044751665694343,0.04171988964113818,0.088160214404962,210.0,36.0
first_3m,turn_duration,56,1,1,0,0.045950234717056906,0.045950234717056906,0.045950234717056906,0.006123861887608548,0.006123861887608548,0.006123861887608548,0.039826372829448356,0.039826372829448356,0.039826372829448356,295.0,51.0
first_5m,turn_duration,2,2000,1904,96,-0.8944271909999159,0.01986112220445689,0.8783100656536799,-0.8944271909999159,0.009283435286014954,0.8783100656536799,-0.46120186309392036,0.0,0.45454834155713275,13.0,2.0
first_5m,turn_duration,3,2000,1992,8,-0.7024499285914527,0.029082912060922568,0.7048573975236996,-0.6853472014763514,0.012497541718748492,0.7006490497453707,-0.2579496005321518,0.0,0.36338142065912205,15.0,3.0
first_5m,turn_duration,5,2000,2000,0,-0.4767742050583639,0.03483413574502786,0.4300174463822985,-0.4879138643684619,0.027521049698116362,0.41560024954736197,-0.14062631273820483,-0.0005281663491345234,0.25507434839169135,27.0,5.0
first_5m,turn_duration,8,2000,2000,0,-0.34734357252200165,0.024436547368696476,0.30833223533619397,-0.33762296418795573,0.009116765662318602,0.2989868893392736,-0.08819404403125695,0.0016064981948514107,0.17958173594766375,43.0,7.0
first_5m,turn_duration,10,2000,2000,0,-0.25566873341740254,0.024038416441719744,0.2549199782179559,-0.2727123234524511,0.008470198292266723,0.24411675713726058,-0.07359751851647436,0.00030898885029023715,0.15323401757969538,54.0,9.0
first_5m,turn_duration,15,2000,2000,0,-0.19240500880021838,0.024757623809605105,0.21038276219244087,-0.2062879873370859,0.00843166982475661,0.19602390494772987,-0.05590798286313406,0.003945906898482454,0.10774183300739472,78.0,14.0
first_5m,turn_duration,20,2000,2000,0,-0.14109360434250887,0.01974652468337223,0.17940193893342113,-0.1492507066708758,0.0069720790233308745,0.16590337623159726,-0.04652924148939724,0.004300266126138742,0.08157152550987846,105.0,18.0
first_5m,turn_duration,30,2000,2000,0,-0.09269891216750206,0.020769120207262598,0.1280422428491609,-0.10475107026932026,0.006808943410176103,0.1155769426850193,-0.030061991058735058,0.015550199687106652,0.05952102279744566,158.0,27.0
first_5m,turn_duration,40,2000,2000,0,-0.05442012688887123,0.01858417016752768,0.0963721951202257,-0.06744501900100477,0.004147717614182337,0.08306213180608737,-0.02044402693116998,0.017131940288982933,0.04125377625260142,210.0,36.0
first_5m,turn_duration,56,1,1,0,0.019713896271721112,0.019713896271721112,0.019713896271721112,0.006123861887608548,0.006123861887608548,0.006123861887608548,0.013590034384112566,0.013590034384112566,0.013590034384112566,295.0,51.0
full,turn_duration,2,2000,1904,96,-0.8944271909999159,0.009283435286014954,0.8783100656536799,-0.8944271909999159,0.009283435286014954,0.8783100656536799,0.0,0.0,0.0,13.0,2.0
full,turn_duration,3,2000,1992,8,-0.6853472014763514,0.012497541718748492,0.7006490497453707,-0.6853472014763514,0.012497541718748492,0.7006490497453707,0.0,0.0,0.0,15.0,3.0
full,turn_duration,5,2000,2000,0,-0.4879138643684619,0.027521049698116362,0.41560024954736197,-0.4879138643684619,0.027521049698116362,0.41560024954736197,0.0,0.0,0.0,27.0,5.0
full,turn_duration,8,2000,2000,0,-0.33762296418795573,0.009116765662318602,0.2989868893392736,-0.33762296418795573,0.009116765662318602,0.2989868893392736,0.0,0.0,0.0,43.0,7.0
full,turn_duration,10,2000,2000,0,-0.2727123234524511,0.008470198292266723,0.24411675713726058,-0.2727123234524511,0.008470198292266723,0.24411675713726058,0.0,0.0,0.0,54.0,9.0
full,turn_duration,15,2000,2000,0,-0.2062879873370859,0.00843166982475661,0.19602390494772987,-0.2062879873370859,0.00843166982475661,0.19602390494772987,0.0,0.0,0.0,78.0,14.0
full,turn_duration,20,2000,2000,0,-0.1492507066708758,0.0069720790233308745,0.16590337623159726,-0.1492507066708758,0.0069720790233308745,0.16590337623159726,0.0,0.0,0.0,105.0,18.0
full,turn_duration,30,2000,2000,0,-0.10475107026932026,0.006808943410176103,0.1155769426850193,-0.10475107026932026,0.006808943410176103,0.1155769426850193,0.0,0.0,0.0,158.0,27.0
full,turn_duration,40,2000,2000,0,-0.06744501900100477,0.004147717614182337,0.08306213180608737,-0.06744501900100477,0.004147717614182337,0.08306213180608737,0.0,0.0,0.0,210.0,36.0
full,turn_duration,56,1,1,0,0.006123861887608548,0.006123861887608548,0.006123861887608548,0.006123861887608548,0.006123861887608548,0.006123861887608548,0.0,0.0,0.0,295.0,51.0
first_30s,signed_response_gap,2,2000,1846,154,-0.8944271909999159,0.13714191107775164,0.8136030748430138,-0.8944271909999159,0.14107607455049542,0.8783100656536799,-1.469587783854137,0.0,1.2649110640673518,10.0,2.0
first_30s,signed_response_gap,3,2000,1977,23,-0.7711192429841701,0.13031212583539617,0.7578404654284163,-0.8368871977653308,0.14660817305047838,0.753653686373705,-1.002482959904178,0.0,1.0004328067720494,14.0,3.0
first_30s,signed_response_gap,5,2000,2000,0,-0.48900278950948334,0.13262082058999938,0.5981848442415586,-0.4839973292467044,0.1672926415832794,0.5942777174366043,-0.6778800358664727,-0.02328027990315118,0.6234627228347136,23.0,5.0
first_30s,signed_response_gap,8,2000,2000,0,-0.30518701086207906,0.11465704346417531,0.45668455122725227,-0.2418930634331185,0.17483299213834425,0.5265676684085596,-0.48870423723663775,-0.0626368090107198,0.3867595526508163,37.0,7.0
first_30s,signed_response_gap,10,2000,2000,0,-0.2479942233598289,0.10787640627957881,0.4157890940983602,-0.16995815609237894,0.16757962226869522,0.45941751093289873,-0.43165119669084634,-0.06479126886014566,0.30125425117496535,47.0,9.0
first_30s,signed_response_gap,15,2000,2000,0,-0.15807931216085044,0.10943665320500182,0.35448903651599434,-0.07081074277407655,0.17393546826801576,0.3831326742376025,-0.3359386224655831,-0.0674453046475641,0.20911299537208486,70.0,13.0
first_30s,signed_response_gap,20,2000,2000,0,-0.11571848585139106,0.1103644941969863,0.3047657627887573,-0.01599635660122029,0.18401151678765124,0.3653480216049012,-0.2878888419150477,-0.07952210814404728,0.16183570285208598,93.0,18.0
first_30s,signed_response_gap,30,2000,2000,0,-0.04295105481777258,0.10217574592093856,0.24317628742777012,0.04546531980895786,0.17903394984919235,0.2965077690350188,-0.22411841944713953,-0.07661355011522356,0.08458817682335651,139.0,26.0
first_30s,signed_response_gap,40,2000,2000,0,0.005871025952965554,0.10198340904212685,0.20559561700932438,0.08762970378693169,0.17758928239338112,0.263212179284683,-0.17214680173523383,-0.07711792035134606,0.03552086722553997,186.0,35.0
first_30s,signed_response_gap,56,1,1,0,0.1016034624254063,0.1016034624254063,0.1016034624254063,0.17852187470926537,0.17852187470926537,0.17852187470926537,-0.07691841228385907,-0.07691841228385907,-0.07691841228385907,260.0,49.0
first_1m,signed_response_gap,2,2000,1887,113,-0.8944271909999159,0.18306649368567793,0.8783100656536799,-0.8944271909999159,0.12367568140301247,0.8212138126184031,-1.2257335061906447,0.0,1.3071129026946047,12.0,2.0
first_1m,signed_response_gap,3,2000,1985,15,-0.7637626158259733,0.15883775928503593,0.6727940780357627,-0.7686457975750745,0.15080449794963305,0.7266431432723744,-0.8962295745803452,0.0,1.0004328067720494,15.0,3.0
first_1m,signed_response_gap,5,2000,2000,0,-0.3536342156216707,0.1639561414695854,0.5208683884653907,-0.4379258306414171,0.1734715427144334,0.5726396744238597,-0.5298513007664448,-0.010917795403156672,0.5913132451660421,27.0,5.0
first_1m,signed_response_gap,8,2000,2000,0,-0.17327272947034578,0.16322094463285042,0.4374601802548505,-0.2178852241306376,0.18305786434804333,0.5138117438099992,-0.3663758237529104,-0.019345929692894448,0.3666765347555592,42.0,7.0
first_1m,signed_response_gap,10,2000,2000,0,-0.13265089235273353,0.16121206371023378,0.4062249680442314,-0.1497370042491383,0.18042340010936017,0.4514707267596906,-0.3066098879894101,-0.021612122463316577,0.2724390950823175,53.0,9.0
first_1m,signed_response_gap,15,2000,2000,0,-0.045337927741007845,0.16107703652226954,0.33676881262834757,-0.05476213933653238,0.18571268054741152,0.38102830477756006,-0.23360026146949248,-0.028758961049788763,0.19582434156793754,77.0,13.0
first_1m,signed_response_gap,20,2000,2000,0,-0.011257808343903346,0.1629746771152416,0.30571891235396864,-0.0006350837538482843,0.19214789165400178,0.37089593326287856,-0.1943766142878703,-0.03303651165737418,0.14624219937331873,103.0,18.0
first_1m,signed_response_gap,30,2000,2000,0,0.05001802517083919,0.16147020382044458,0.2607521881435292,0.0619600999182296,0.19024980586760537,0.3005168127617929,-0.1407573759482817,-0.027196581214184987,0.08889786491482764,155.0,27.0
first_1m,signed_response_gap,40,2000,2000,0,0.08770283577832885,0.1613908183226898,0.23209999907852782,0.10212012659761131,0.18810276591123026,0.26652792866320246,-0.10264127875634943,-0.030339684977274912,0.055025806562850194,206.0,36.0
first_1m,signed_response_gap,56,1,1,0,0.1599261611805846,0.1599261611805846,0.1599261611805846,0.1892990952297353,0.1892990952297353,0.1892990952297353,-0.0293729340491507,-0.0293729340491507,-0.0293729340491507,289.0,50.0
first_2m,signed_response_gap,2,2000,1904,96,-0.8944271909999159,0.1690308509457033,0.8944271909999159,-0.8944271909999159,0.1564235366287446,0.8581683298015517,-1.309307341415954,-0.011573938366911507,1.3416407864998738,13.0,2.0
first_2m,signed_response_gap,3,2000,1992,8,-0.6831300510639732,0.14794350224904487,0.7825209206835781,-0.7074905435512837,0.1723569788463511,0.7259092628950586,-0.8735970158707689,-0.01523528689716699,1.0004328067720494,15.0,3.0
first_2m,signed_response_gap,5,2000,2000,0,-0.3801445799209458,0.14586598492812974,0.6778700324845424,-0.4265930895954119,0.1844901237245466,0.5730562304746605,-0.5235134105887922,-0.034339856119432716,0.6176547005059622,27.0,5.0
first_2m,signed_response_gap,8,2000,2000,0,-0.21825295645699924,0.15129322499587455,0.4958047281972297,-0.1986360170241386,0.1955664554080591,0.5161055825167083,-0.36861017861055445,-0.03865109555621415,0.32843263837923165,43.0,7.0
first_2m,signed_response_gap,10,2000,2000,0,-0.1732359004951671,0.14777857288146767,0.45652619662293215,-0.13838157664763898,0.19226454152133812,0.4584603427699644,-0.30479531195651105,-0.043564124364828705,0.2706124265266526,54.0,9.0
first_2m,signed_response_gap,15,2000,2000,0,-0.09115853539536585,0.14527774024772994,0.3843891972808106,-0.03143890771649806,0.19702606611163787,0.3912550904450887,-0.24998281350919088,-0.048229917615357505,0.16914385547079588,78.0,14.0
first_2m,signed_response_gap,20,2000,2000,0,-0.05333563730809151,0.15402024505625939,0.34223254974574296,0.009542043157966664,0.2027972811647596,0.3746581926677845,-0.20571577684087317,-0.05050874548789012,0.12216269051518876,105.0,18.0
first_2m,signed_response_gap,30,2000,2000,0,0.004573623401615812,0.1492226465060707,0.279856794914377,0.06932148655654646,0.2001119555732875,0.3082658841976603,-0.16445575674210414,-0.04989334969059292,0.07217606983437672,158.0,27.0
first_2m,signed_response_gap,40,2000,2000,0,0.057808099479900094,0.15172327746164313,0.23957502484929302,0.11004381935285941,0.19757075249125056,0.275884679676143,-0.12273368414727465,-0.04983282635405323,0.03403251263967177,210.0,36.0
first_2m,signed_response_gap,56,1,1,0,0.14832576358087457,0.14832576358087457,0.14832576358087457,0.19889091548010346,0.19889091548010346,0.19889091548010346,-0.05056515189922889,-0.05056515189922889,-0.05056515189922889,295.0,51.0
first_3m,signed_response_gap,2,2000,1904,96,-0.9007231487845214,0.0658709795798578,0.8944271909999159,-0.8944271909999159,0.1564235366287446,0.8581683298015517,-1.2358287613066492,-0.046205186650039365,1.2649110640673518,13.0,2.0
first_3m,signed_response_gap,3,2000,1992,8,-0.778498944161523,0.11300340846626056,0.6939902512044913,-0.7074905435512837,0.1723569788463511,0.7259092628950586,-0.8694609212086177,-0.04780052158530356,0.7839866948973746,15.0,3.0
first_3m,signed_response_gap,5,2000,2000,0,-0.4670993664969138,0.12453301126111696,0.5637951232743761,-0.4265930895954119,0.1844901237245466,0.5730562304746605,-0.5303446891875612,-0.054537879469609085,0.39852368882613765,27.0,5.0
first_3m,signed_response_gap,8,2000,2000,0,-0.256618302111341,0.13161418484428875,0.45574548718661445,-0.1986360170241386,0.1955664554080591,0.5161055825167083,-0.3688244550001422,-0.058721589586551146,0.220791665215099,43.0,7.0
first_3m,signed_response_gap,10,2000,2000,0,-0.20994476740395482,0.13035295340601666,0.4091096809676675,-0.13838157664763898,0.19226454152133812,0.4584603427699644,-0.3137312198576196,-0.05928219237174488,0.1737629056374997,54.0,9.0
first_3m,signed_response_gap,15,2000,2000,0,-0.10151179588672972,0.13682998067725677,0.34435063343060457,-0.03143890771649806,0.19702606611163787,0.3912550904450887,-0.23538376830032381,-0.05977840390496659,0.11862831390150938,78.0,14.0
first_3m,signed_response_gap,20,2000,2000,0,-0.06107381411164795,0.1410190478420036,0.30610692728118044,0.009542043157966664,0.2027972811647596,0.3746581926677845,-0.20415511141047646,-0.06331257015769268,0.0790421718794393,105.0,18.0
first_3m,signed_response_gap,30,2000,2000,0,0.0018426459587720188,0.13938233171695363,0.26063852377071844,0.06932148655654646,0.2001119555732875,0.3082658841976603,-0.1553553842429454,-0.06163440033034304,0.04474559310381326,158.0,27.0
first_3m,signed_response_gap,40,2000,2000,0,0.04499491029460125,0.13872490277292088,0.22178891253085511,0.11004381935285941,0.19757075249125056,0.275884679676143,-0.12231316461865338,-0.0616772803415961,0.013745906568291185,210.0,36.0
first_3m,signed_response_gap,56,1,1,0,0.13732132316014664,0.13732132316014664,0.13732132316014664,0.19889091548010346,0.19889091548010346,0.19889091548010346,-0.06156959231995682,-0.06156959231995682,-0.06156959231995682,295.0,51.0
first_5m,signed_response_gap,2,2000,1904,96,-0.8944271909999159,0.11676716705759467,0.8944271909999159,-0.8944271909999159,0.1564235366287446,0.8581683298015517,-0.6546536707079771,0.0,0.6324555320336758,13.0,2.0
first_5m,signed_response_gap,3,2000,1992,8,-0.6929348671835832,0.15998970514216881,0.7409635348548876,-0.7074905435512837,0.1723569788463511,0.7259092628950586,-0.5110672682611933,0.0,0.4355607485792462,15.0,3.0
first_5m,signed_response_gap,5,2000,2000,0,-0.45417775505314417,0.17206181152681932,0.6016927887948329,-0.4265930895954119,0.1844901237245466,0.5730562304746605,-0.3670858453094362,-0.0023059993507930712,0.2829675288250584,27.0,5.0
first_5m,signed_response_gap,8,2000,2000,0,-0.22477479662241245,0.18019259624942374,0.5196061634444479,-0.1986360170241386,0.1955664554080591,0.5161055825167083,-0.22846047175178,-0.005554889063779378,0.16893889829723194,43.0,7.0
first_5m,signed_response_gap,10,2000,2000,0,-0.1835006283663725,0.17966980619446912,0.4609399966652207,-0.13838157664763898,0.19226454152133812,0.4584603427699644,-0.19615058531777477,-0.006619834679415654,0.13757586898910093,54.0,9.0
first_5m,signed_response_gap,15,2000,2000,0,-0.07340181833095254,0.18893726584951098,0.3992878924465793,-0.03143890771649806,0.19702606611163787,0.3912550904450887,-0.13604220681784118,-0.007142212963182973,0.10524446079760888,78.0,14.0
first_5m,signed_response_gap,20,2000,2000,0,-0.016194151230492074,0.19052317068614832,0.3675804470929371,0.009542043157966664,0.2027972811647596,0.3746581926677845,-0.11041321137113695,-0.011511382145894034,0.08035393246266417,105.0,18.0
first_5m,signed_response_gap,30,2000,2000,0,0.048885263760309224,0.18762064624869534,0.3084564120610234,0.06932148655654646,0.2001119555732875,0.3082658841976603,-0.07679907552253953,-0.012042243728186894,0.05734048616189868,158.0,27.0
first_5m,signed_response_gap,40,2000,2000,0,0.09197398789882755,0.1872190397468372,0.2705640083354307,0.11004381935285941,0.19757075249125056,0.275884679676143,-0.05432816561484119,-0.014069281778512438,0.03281132146227705,210.0,36.0
first_5m,signed_response_gap,56,1,1,0,0.18601007628158758,0.18601007628158758,0.18601007628158758,0.19889091548010346,0.19889091548010346,0.19889091548010346,-0.012880839198515875,-0.012880839198515875,-0.012880839198515875,295.0,51.0
full,signed_response_gap,2,2000,1904,96,-0.8944271909999159,0.1564235366287446,0.8581683298015517,-0.8944271909999159,0.1564235366287446,0.8581683298015517,0.0,0.0,0.0,13.0,2.0
full,signed_response_gap,3,2000,1992,8,-0.7074905435512837,0.1723569788463511,0.7259092628950586,-0.7074905435512837,0.1723569788463511,0.7259092628950586,0.0,0.0,0.0,15.0,3.0
full,signed_response_gap,5,2000,2000,0,-0.4265930895954119,0.1844901237245466,0.5730562304746605,-0.4265930895954119,0.1844901237245466,0.5730562304746605,0.0,0.0,0.0,27.0,5.0
full,signed_response_gap,8,2000,2000,0,-0.1986360170241386,0.1955664554080591,0.5161055825167083,-0.1986360170241386,0.1955664554080591,0.5161055825167083,0.0,0.0,0.0,43.0,7.0
full,signed_response_gap,10,2000,2000,0,-0.13838157664763898,0.19226454152133812,0.4584603427699644,-0.13838157664763898,0.19226454152133812,0.4584603427699644,0.0,0.0,0.0,54.0,9.0
full,signed_response_gap,15,2000,2000,0,-0.03143890771649806,0.19702606611163787,0.3912550904450887,-0.03143890771649806,0.19702606611163787,0.3912550904450887,0.0,0.0,0.0,78.0,14.0
full,signed_response_gap,20,2000,2000,0,0.009542043157966664,0.2027972811647596,0.3746581926677845,0.009542043157966664,0.2027972811647596,0.3746581926677845,0.0,0.0,0.0,105.0,18.0
full,signed_response_gap,30,2000,2000,0,0.06932148655654646,0.2001119555732875,0.3082658841976603,0.06932148655654646,0.2001119555732875,0.3082658841976603,0.0,0.0,0.0,158.0,27.0
full,signed_response_gap,40,2000,2000,0,0.11004381935285941,0.19757075249125056,0.275884679676143,0.11004381935285941,0.19757075249125056,0.275884679676143,0.0,0.0,0.0,210.0,36.0
full,signed_response_gap,56,1,1,0,0.19889091548010346,0.19889091548010346,0.19889091548010346,0.19889091548010346,0.19889091548010346,0.19889091548010346,0.0,0.0,0.0,295.0,51.0
first_30s,floor_time_share,2,2000,1846,154,-0.8633430008159491,0.0965609099170535,0.938600683582674,-0.8944271909999159,-0.09142535647261138,0.9121593238215745,-1.3416407864998738,0.18673761220106025,1.7566201313073597,10.0,2.0
first_30s,floor_time_share,3,2000,1977,23,-0.7944613465542745,0.10910894511799617,0.8141331882105167,-0.8377546504939082,-0.09142535647261138,0.8528176940108597,-1.0371930243843543,0.17510229976330538,1.3338577057453986,14.0,3.0
first_30s,floor_time_share,5,2000,2000,0,-0.4225895374362899,0.10071837732756284,0.5951915768417363,-0.5101232643301041,-0.07961369573284252,0.5476624284702114,-0.6700230563982305,0.18693735923499502,0.8824700027336135,23.0,5.0
first_30s,floor_time_share,8,2000,2000,0,-0.3376767521409862,0.09765057527834756,0.47209141557387907,-0.4298314443958416,-0.0853185828869899,0.2943314821471817,-0.43897930935141066,0.1832436203471773,0.7193746756528329,38.0,7.0
first_30s,floor_time_share,10,2000,2000,0,-0.24437568932989473,0.10069760530184663,0.42816172664161734,-0.3600707778458904,-0.07412421359670171,0.2412703214760349,-0.3069054047365133,0.17054194418348978,0.6157081719629459,47.0,9.0
first_30s,floor_time_share,15,2000,2000,0,-0.1799139509184994,0.09642571155040429,0.3570923946932756,-0.2990785032675191,-0.08199511410218996,0.15362231869609536,-0.2054764202800098,0.1834970966667179,0.520084686350849,71.0,13.0
first_30s,floor_time_share,20,2000,2000,0,-0.11881495390497807,0.10331788427460654,0.3147237659255818,-0.23984029589452352,-0.07925969534493085,0.1115852415579451,-0.10542625670027903,0.18050895712575354,0.44417192084477847,94.0,18.0
first_30s,floor_time_share,30,2000,2000,0,-0.04477777841124964,0.10500265182695132,0.2600149328349531,-0.19218340102035125,-0.07754857585344657,0.05935497435731914,-0.026141802119825662,0.18207326907712662,0.36345980882428713,141.0,26.0
first_30s,floor_time_share,40,2000,2000,0,0.0013171046203910987,0.10018730172690171,0.19711496384200347,-0.1575110159524914,-0.07884287877976742,0.009609512425104877,0.037324108508445725,0.17893154700892597,0.30006314193157213,188.0,35.0
first_30s,floor_time_share,56,1,1,0,0.10124501243704696,0.10124501243704696,0.10124501243704696,-0.07667470103745595,-0.07667470103745595,-0.07667470103745595,0.17791971347450292,0.17791971347450292,0.17791971347450292,263.0,49.0
first_1m,floor_time_share,2,2000,1887,113,-0.7171371656006361,-0.017519955279916555,0.9094995038983241,-0.8944271909999159,-0.08951057944029374,0.8944271909999159,-1.1593384485906508,0.0688755625269829,1.6378460497066514,12.0,2.0
first_1m,floor_time_share,3,2000,1985,15,-0.5748352765521303,0.009622185371369612,0.8783100656536799,-0.7637626158259733,-0.07638940821885441,0.8007572173962101,-0.764499463518017,0.07897301834925417,1.2775136720090674,15.0,3.0
first_1m,floor_time_share,5,2000,2000,0,-0.39531798920416583,-0.005639300819313603,0.5323119650280366,-0.4980775083501809,-0.06733402763275594,0.44323034550530627,-0.556742743246911,0.07400474037584831,0.6924495476060878,27.0,5.0
first_1m,floor_time_share,8,2000,2000,0,-0.29526674925743757,-0.008591870161932974,0.3495430989818747,-0.401118586731154,-0.07750777865320957,0.28639112119920457,-0.37957612473952423,0.07538787358826002,0.531550365734848,42.0,7.0
first_1m,floor_time_share,10,2000,2000,0,-0.2426613073961379,-0.004502880056263886,0.2943315975144171,-0.3365756701959426,-0.07224155951609026,0.2257532324361544,-0.29555967771528935,0.07152013138064008,0.42626607717283543,53.0,9.0
first_1m,floor_time_share,15,2000,2000,0,-0.1948679753691381,0.0025280184980686453,0.22996160980958325,-0.2839244674043283,-0.0766378294971401,0.14180298673116096,-0.19891845111687573,0.07833981093969461,0.3586889929551802,77.0,13.0
first_1m,floor_time_share,20,2000,2000,0,-0.1631814624622653,-0.004828302953447041,0.17218946513876307,-0.23321873255957762,-0.07383559359085273,0.10000901614209676,-0.15051919569954547,0.06868168637095497,0.28459931660440857,103.0,18.0
first_1m,floor_time_share,30,2000,2000,0,-0.1173502122664214,-0.00016652695017877847,0.11774516673203972,-0.18351961636486702,-0.07166531609962201,0.053727766571135406,-0.09009334587398127,0.0714242088074503,0.22041897128114757,155.0,27.0
first_1m,floor_time_share,40,2000,2000,0,-0.08231972480703417,-0.0032026903321821414,0.0758394209775511,-0.14886541417608481,-0.07685028155039152,0.008640163525103165,-0.035271027314623275,0.07086626125849091,0.16700252991473974,206.0,36.0
first_1m,floor_time_share,56,1,1,0,-0.0010678655599289557,-0.0010678655599289557,-0.0010678655599289557,-0.07250169060018882,-0.07250169060018882,-0.07250169060018882,0.07143382504025987,0.07143382504025987,0.07143382504025987,289.0,50.0
first_2m,floor_time_share,2,2000,1904,96,-0.8944271909999159,-0.10379006945090671,0.8944271909999159,-0.8944271909999159,-0.08706309543654178,0.8944271909999159,-1.4869688228210425,0.0,0.7999999999999998,13.0,2.0
first_2m,floor_time_share,3,2000,1992,8,-0.8783100656536799,-0.10880617953538849,0.6704519485378145,-0.7171371656006361,-0.06769343048212607,0.8281156494518791,-1.1666993653015787,0.0,0.629940788348712,15.0,3.0
first_2m,floor_time_share,5,2000,2000,0,-0.6276493783949286,-0.11071630813326025,0.4399709521035566,-0.49165245061667845,-0.05763362090472746,0.46358347046990434,-0.7603404070804561,-0.012626931302088619,0.43010016136964063,27.0,5.0
first_2m,floor_time_share,8,2000,2000,0,-0.4629620258129032,-0.09931368383479947,0.2916683238120629,-0.3986546432427092,-0.06865214201018618,0.30527355875519785,-0.5096358751751022,-0.009861796733088478,0.31964973837048644,43.0,7.0
first_2m,floor_time_share,10,2000,2000,0,-0.418783857626686,-0.09196990677924338,0.2351618879950387,-0.3273212962020184,-0.061867568831160874,0.2505709680514115,-0.44299252218042895,-0.02650334322388065,0.28912570142386945,54.0,9.0
first_2m,floor_time_share,15,2000,2000,0,-0.3513783277372183,-0.0961956765821682,0.15753161778999694,-0.27403133475254304,-0.06777968133833773,0.16565791838031493,-0.32938433403505557,-0.02288062273636788,0.2167562505891765,78.0,14.0
first_2m,floor_time_share,20,2000,2000,0,-0.3057351620342217,-0.096137532499412,0.09737465356365281,-0.22456814499482639,-0.06388805207363095,0.11961877858706034,-0.2717944878203284,-0.029920651427992804,0.17486022279377036,105.0,18.0
first_2m,floor_time_share,30,2000,2000,0,-0.2307153091798009,-0.09274079491710822,0.041905639481933765,-0.17579184637921064,-0.062342440763383876,0.06693749086506243,-0.18870344479599435,-0.030455662442455973,0.11392147144432622,158.0,27.0
first_2m,floor_time_share,40,2000,2000,0,-0.18876148816621435,-0.09286734307456249,-0.002989743860615752,-0.13848973499461514,-0.06700795274247234,0.023079673955475985,-0.13802100296361097,-0.028469001682223355,0.06828415395523221,210.0,36.0
first_2m,floor_time_share,56,1,1,0,-0.09328049630567978,-0.09328049630567978,-0.09328049630567978,-0.062130511402699144,-0.062130511402699144,-0.062130511402699144,-0.031149984902980633,-0.031149984902980633,-0.031149984902980633,295.0,51.0
first_3m,floor_time_share,2,2000,1904,96,-0.8944271909999159,0.0010277514003531865,0.8944271909999159,-0.8944271909999159,-0.08706309543654178,0.8944271909999159,-1.2775619055633545,0.060081401465999246,0.7807200583588265,13.0,2.0
first_3m,floor_time_share,3,2000,1992,8,-0.7944613465542745,0.01194118774649227,0.6331927188675422,-0.7171371656006361,-0.06769343048212607,0.8281156494518791,-0.7125040889796818,0.07678229064448314,0.629940788348712,15.0,3.0
first_3m,floor_time_share,5,2000,2000,0,-0.5034152730766831,0.011467189363066236,0.41924689570224516,-0.49165245061667845,-0.05763362090472746,0.46358347046990434,-0.45468503897906515,0.06262138994610314,0.4504295978075095,27.0,5.0
first_3m,floor_time_share,8,2000,2000,0,-0.32730500076991875,-0.0024669196821778946,0.3097215195761294,-0.3986546432427092,-0.06865214201018618,0.30527355875519785,-0.286470299042369,0.07132763769619531,0.36029143931764673,43.0,7.0
first_3m,floor_time_share,10,2000,2000,0,-0.27180883577404813,0.0038235172596533494,0.2514588880943742,-0.3273212962020184,-0.061867568831160874,0.2505709680514115,-0.2549603054485878,0.06419622224824287,0.303788194066974,54.0,9.0
first_3m,floor_time_share,15,2000,2000,0,-0.194222149809263,0.004680354958144922,0.19316380297916344,-0.27403133475254304,-0.06777968133833773,0.16565791838031493,-0.16091456688894087,0.07177892374310159,0.25170914317281673,78.0,14.0
first_3m,floor_time_share,20,2000,2000,0,-0.1556845716842719,0.006882476422987015,0.15558395008113843,-0.22456814499482639,-0.06388805207363095,0.11961877858706034,-0.10754555967373682,0.07004330570754856,0.22033688079708316,105.0,18.0
first_3m,floor_time_share,30,2000,2000,0,-0.10884201443047013,0.007025406336429118,0.11797553462546759,-0.17579184637921064,-0.062342440763383876,0.06693749086506243,-0.04969153405704856,0.07080124873496778,0.17004140058476913,158.0,27.0
first_3m,floor_time_share,40,2000,2000,0,-0.06285532507990636,0.008594109604445944,0.08031071768222332,-0.13848973499461514,-0.06700795274247234,0.023079673955475985,-0.005545196655231735,0.07262800382568027,0.13968885747062745,210.0,36.0
first_3m,floor_time_share,56,1,1,0,0.007762548183042679,0.007762548183042679,0.007762548183042679,-0.062130511402699144,-0.062130511402699144,-0.062130511402699144,0.06989305958574182,0.06989305958574182,0.06989305958574182,295.0,51.0
first_5m,floor_time_share,2,2000,1904,96,-0.8944271909999159,-0.06978585870094117,0.8944271909999159,-0.8944271909999159,-0.08706309543654178,0.8944271909999159,-0.8944271909999159,0.006767216414123867,0.6208801528646967,13.0,2.0
first_5m,floor_time_share,3,2000,1992,8,-0.7939140835579168,-0.06122627516282446,0.6129251270550525,-0.7171371656006361,-0.06769343048212607,0.8281156494518791,-0.6266795614405123,0.01723726160173513,0.45993704160452237,15.0,3.0
first_5m,floor_time_share,5,2000,2000,0,-0.4956133913982594,-0.06073723296708276,0.41021058787253883,-0.49165245061667845,-0.05763362090472746,0.46358347046990434,-0.4391350453425911,0.007082053873075044,0.3126479827022054,27.0,5.0
first_5m,floor_time_share,8,2000,2000,0,-0.40076033104952946,-0.0658556911541616,0.2710493983186838,-0.3986546432427092,-0.06865214201018618,0.30527355875519785,-0.3081781560996574,0.00687977867066801,0.25223829847125107,43.0,7.0
first_5m,floor_time_share,10,2000,2000,0,-0.35029196539455976,-0.07066783233745078,0.19975556384356158,-0.3273212962020184,-0.061867568831160874,0.2505709680514115,-0.2905204828372371,-0.004336635214362419,0.1934660341065012,54.0,9.0
first_5m,floor_time_share,15,2000,2000,0,-0.2788269132246533,-0.06490410409668022,0.132153302187913,-0.27403133475254304,-0.06777968133833773,0.16565791838031493,-0.17844849712570574,0.0008960526113424849,0.15011085018003428,78.0,14.0
first_5m,floor_time_share,20,2000,2000,0,-0.2325391436555159,-0.06586112547622695,0.10586181375041571,-0.22456814499482639,-0.06388805207363095,0.11961877858706034,-0.14620198771391626,-0.0013301188835324659,0.1233369662636059,105.0,18.0
first_5m,floor_time_share,30,2000,2000,0,-0.18476768569844937,-0.06253705720655148,0.05990991740154003,-0.17579184637921064,-0.062342440763383876,0.06693749086506243,-0.09862128713688914,-0.001465591285895908,0.08655152424475947,158.0,27.0
first_5m,floor_time_share,40,2000,2000,0,-0.14177300343536678,-0.06341481883014799,0.013957706938103168,-0.13848973499461514,-0.06700795274247234,0.023079673955475985,-0.06812261084540364,0.0016614524736709496,0.06020815032201508,210.0,36.0
first_5m,floor_time_share,56,1,1,0,-0.06221247513733253,-0.06221247513733253,-0.06221247513733253,-0.062130511402699144,-0.062130511402699144,-0.062130511402699144,-8.196373463338624e-05,-8.196373463338624e-05,-8.196373463338624e-05,295.0,51.0
full,floor_time_share,2,2000,1904,96,-0.8944271909999159,-0.08706309543654178,0.8944271909999159,-0.8944271909999159,-0.08706309543654178,0.8944271909999159,0.0,0.0,0.0,13.0,2.0
full,floor_time_share,3,2000,1992,8,-0.7171371656006361,-0.06769343048212607,0.8281156494518791,-0.7171371656006361,-0.06769343048212607,0.8281156494518791,0.0,0.0,0.0,15.0,3.0
full,floor_time_share,5,2000,2000,0,-0.49165245061667845,-0.05763362090472746,0.46358347046990434,-0.49165245061667845,-0.05763362090472746,0.46358347046990434,0.0,0.0,0.0,27.0,5.0
full,floor_time_share,8,2000,2000,0,-0.3986546432427092,-0.06865214201018618,0.30527355875519785,-0.3986546432427092,-0.06865214201018618,0.30527355875519785,0.0,0.0,0.0,43.0,7.0
full,floor_time_share,10,2000,2000,0,-0.3273212962020184,-0.061867568831160874,0.2505709680514115,-0.3273212962020184,-0.061867568831160874,0.2505709680514115,0.0,0.0,0.0,54.0,9.0
full,floor_time_share,15,2000,2000,0,-0.27403133475254304,-0.06777968133833773,0.16565791838031493,-0.27403133475254304,-0.06777968133833773,0.16565791838031493,0.0,0.0,0.0,78.0,14.0
full,floor_time_share,20,2000,2000,0,-0.22456814499482639,-0.06388805207363095,0.11961877858706034,-0.22456814499482639,-0.06388805207363095,0.11961877858706034,0.0,0.0,0.0,105.0,18.0
full,floor_time_share,30,2000,2000,0,-0.17579184637921064,-0.062342440763383876,0.06693749086506243,-0.17579184637921064,-0.062342440763383876,0.06693749086506243,0.0,0.0,0.0,158.0,27.0
full,floor_time_share,40,2000,2000,0,-0.13848973499461514,-0.06700795274247234,0.023079673955475985,-0.13848973499461514,-0.06700795274247234,0.023079673955475985,0.0,0.0,0.0,210.0,36.0
full,floor_time_share,56,1,1,0,-0.062130511402699144,-0.062130511402699144,-0.062130511402699144,-0.062130511402699144,-0.062130511402699144,-0.062130511402699144,0.0,0.0,0.0,295.0,51.0
first_30s,pace,2,2000,1632,368,-0.8944271909999159,-0.08567423473860475,0.9438798074485388,-0.4472135954999579,0.4616602711137649,0.8944271909999159,-1.7888543819998317,-0.38872286025317415,0.6172133998483675,8.0,2.0
first_30s,pace,3,2000,1877,123,-0.7250448037218047,-0.03288943835340351,0.8975664818771766,-0.3185720489885307,0.46272037407547,0.8944271909999159,-1.3548000749293487,-0.4074500674637711,0.5855400437691198,13.0,2.0
first_30s,pace,5,2000,1981,19,-0.5856835761022476,-0.03517861221280853,0.5949965054198308,-0.09759000729485331,0.4305793531060579,0.7959045333525667,-1.0060864715602056,-0.4197656474307081,0.20889318714683744,20.0,4.0
first_30s,pace,8,2000,2000,0,-0.4334870290608857,-0.03013557482509975,0.42100284801688337,0.03988674136731002,0.41326397332878845,0.660867944319458,-0.8166807706825049,-0.4123447996614937,-0.020186775281413223,33.0,6.0
first_30s,pace,10,2000,2000,0,-0.37886216853999055,-0.0249659702942236,0.31881834185154423,0.09411579099930076,0.39896576644314596,0.6090376110132366,-0.7630571101413509,-0.41206806462754686,-0.08806572976936988,42.0,7.0
first_30s,pace,15,2000,2000,0,-0.3065566911534136,-0.02130392722595347,0.2524840763349242,0.17839528999394244,0.3979340291215049,0.5588324627752744,-0.6634182025377213,-0.41091219779870414,-0.17171652547538907,62.0,11.0
first_30s,pace,20,2000,2000,0,-0.23688425204692654,-0.025478757835842553,0.1973978407393706,0.22797246541117946,0.3928702504965653,0.5420854661632025,-0.6129938267855969,-0.4153239867077042,-0.21252038593472616,82.0,15.0
first_30s,pace,30,2000,2000,0,-0.17701831824050182,-0.026110097508660553,0.12680153344093037,0.27887111312373514,0.38607410271843434,0.4978581590633028,-0.5499478576288865,-0.41514839698347394,-0.2821577182128111,124.0,22.0
first_30s,pace,40,2000,2000,0,-0.12898165759507807,-0.023325614417278713,0.07787515740289909,0.3201638304713097,0.3874933306942188,0.47068962903827033,-0.5038319481877765,-0.4160181549899681,-0.31962253968471127,166.0,29.0
first_30s,pace,56,1,1,0,-0.024636879127085506,-0.024636879127085506,-0.024636879127085506,0.39056402137273377,0.39056402137273377,0.39056402137273377,-0.4152009004998193,-0.4152009004998193,-0.4152009004998193,232.0,41.0
first_1m,pace,2,2000,1844,156,-0.8944271909999159,0.1228117426171591,0.8944271909999159,-0.4472135954999579,0.4574500677895242,0.8944271909999159,-1.41354957043695,-0.24118062728175355,0.6322669262573034,12.0,2.0
first_1m,pace,3,2000,1971,29,-0.6938004618635972,0.15031668473204807,0.7516756100717971,-0.2917742762975284,0.4526322194577244,0.8783100656536799,-1.2011767128536555,-0.2510487478243694,0.40956169364574246,15.0,3.0
first_1m,pace,5,2000,2000,0,-0.41808102464808017,0.15748110962970863,0.5844631535252587,-0.076459138792887,0.4199529868120564,0.7190282124118346,-0.7963220462407978,-0.23411024030248215,0.16497842958913306,26.0,4.0
first_1m,pace,8,2000,2000,0,-0.2756675669281949,0.14944333790341668,0.5058966440008169,0.07799332918644432,0.40866065903312254,0.6473703775159135,-0.6020067034126351,-0.2436581902126349,0.06970947021837565,41.0,7.0
first_1m,pace,10,2000,2000,0,-0.19755245762868487,0.15119819136446888,0.4480985221682976,0.1166115525269441,0.3973947298253204,0.6049264079077289,-0.5402688444964074,-0.24019334416358656,0.01563956744925398,51.0,9.0
first_1m,pace,15,2000,2000,0,-0.10944841375103383,0.15201269691418634,0.38425042859779296,0.19000987279911605,0.39102129520879436,0.5640350557542402,-0.4564457587223328,-0.23791198883057435,-0.0417035520267149,76.0,13.0
first_1m,pace,20,2000,2000,0,-0.06441014754702679,0.15351687153069282,0.35002137344483564,0.23934920025632664,0.3933953717929608,0.5336283129714077,-0.4157152201648408,-0.24108622111413994,-0.0810732223930068,101.0,17.0
first_1m,pace,30,2000,2000,0,0.004790983887250851,0.15064474178551,0.294047360616457,0.2894176841475902,0.3893626628580017,0.492245898937096,-0.35378877359667066,-0.24124281684271554,-0.13179480051902456,152.0,26.0
first_1m,pace,40,2000,2000,0,0.06333624534626675,0.15193902556305972,0.24247674740017994,0.3272610432540453,0.3927624192471264,0.46889516396257,-0.31747398347696343,-0.241045660554635,-0.16761769791811643,203.0,34.0
first_1m,pace,56,1,1,0,0.15209488625342937,0.15209488625342937,0.15209488625342937,0.3938736451404283,0.3938736451404283,0.3938736451404283,-0.2417787588869989,-0.2417787588869989,-0.2417787588869989,283.0,48.0
first_2m,pace,2,2000,1901,99,-0.7637626158259733,0.3783725835282096,0.8944271909999159,-0.6179143806533246,0.45595619523591624,0.8944271909999159,-1.3416407864998738,-0.0368439548634813,1.0012523486435179,13.0,2.0
first_2m,pace,3,2000,1992,8,-0.592365218655936,0.35218426658495716,0.8178465503935007,-0.33000687012183166,0.4473651445332769,0.8728715609439693,-1.0661705588502965,-0.061828430190427976,0.654653670707977,15.0,3.0
first_2m,pace,5,2000,2000,0,-0.2790953647543463,0.32921158693588415,0.6630537181705507,-0.0938858004030499,0.4050270240136401,0.7090295561254027,-0.5853683719003222,-0.0640121145710518,0.35256478886686266,27.0,5.0
first_2m,pace,8,2000,2000,0,-0.03570720247147635,0.332750474978934,0.5935953314834096,0.053760364071858184,0.4003973442532569,0.6403722473942938,-0.3810126481924679,-0.05731363047613708,0.2184298479957887,43.0,7.0
first_2m,pace,10,2000,2000,0,0.0026543510527007002,0.3247902086859409,0.5605703366061828,0.08653835148360126,0.38937016009110625,0.5969246816943878,-0.33759140687507744,-0.0614179630961747,0.19154096658502384,54.0,9.0
first_2m,pace,15,2000,2000,0,0.10676319155361493,0.324228691801123,0.5003582467344736,0.17265860161586577,0.38802672496543045,0.5582718144638271,-0.24991014687981608,-0.06458335985438907,0.11948178707087692,78.0,14.0
first_2m,pace,20,2000,2000,0,0.14087482668852766,0.32758240330837607,0.47933919879083314,0.2246870032386331,0.3902424461957151,0.5280662645291165,-0.22126395240898078,-0.061168289910144114,0.08224596861605887,104.0,18.0
first_2m,pace,30,2000,2000,0,0.20676739241759082,0.3254531680164191,0.43074591640264304,0.2774135354108737,0.3835282756595991,0.491738488210395,-0.1649050593692323,-0.06017261747469324,0.04345027515301594,158.0,27.0
first_2m,pace,40,2000,2000,0,0.2507478255839494,0.3249715312600014,0.39556224567762577,0.31381942342746827,0.3870274346001641,0.4638170038933397,-0.13161408104780367,-0.062473554265595366,0.0017266906551182412,209.0,36.0
first_2m,pace,56,1,1,0,0.32492271378676446,0.32492271378676446,0.32492271378676446,0.38768830312247815,0.38768830312247815,0.38768830312247815,-0.06276558933571369,-0.06276558933571369,-0.06276558933571369,294.0,51.0
first_3m,pace,2,2000,1901,99,-0.8783100656536799,0.3804253180911741,0.8944271909999159,-0.6179143806533246,0.45595619523591624,0.8944271909999159,-1.3416407864998738,-0.04001540723260122,0.8031917854689026,13.0,2.0
first_3m,pace,3,2000,1992,8,-0.6499858710419438,0.35190909647984725,0.7637626158259733,-0.33000687012183166,0.4473651445332769,0.8728715609439693,-1.0079052613579393,-0.05893943770098328,0.5855400437691199,15.0,3.0
first_3m,pace,5,2000,2000,0,-0.2983087660721997,0.3250883742004067,0.6540511402083706,-0.0938858004030499,0.4050270240136401,0.7090295561254027,-0.5428651316139889,-0.06227785862450358,0.31705898839660257,27.0,5.0
first_3m,pace,8,2000,2000,0,0.0035913689985410443,0.34000126971492717,0.5878178454637123,0.053760364071858184,0.4003973442532569,0.6403722473942938,-0.31273751038861686,-0.055701739315471926,0.23730429197085764,43.0,7.0
first_3m,pace,10,2000,2000,0,0.04524753637402803,0.33897593856815655,0.5644934921739504,0.08653835148360126,0.38937016009110625,0.5969246816943878,-0.28315671484062865,-0.05444243958582465,0.1912416729965953,54.0,9.0
first_3m,pace,15,2000,2000,0,0.13079568440050854,0.3390364131900527,0.5112443221169783,0.17265860161586577,0.38802672496543045,0.5582718144638271,-0.20812198724776937,-0.054097411624700414,0.12271487711078576,78.0,14.0
first_3m,pace,20,2000,2000,0,0.16389728660074376,0.34207159282721344,0.4904751724333843,0.2246870032386331,0.3902424461957151,0.5280662645291165,-0.17967747527186037,-0.05125711191752644,0.07807293335013259,104.0,18.0
first_3m,pace,30,2000,2000,0,0.2262164130278254,0.3372821783950952,0.43803186587755943,0.2774135354108737,0.3835282756595991,0.491738488210395,-0.13706812094479534,-0.04588961231323907,0.03899810774220479,158.0,27.0
first_3m,pace,40,2000,2000,0,0.2658616937127046,0.3393336646251929,0.40563215893416316,0.31381942342746827,0.3870274346001641,0.4638170038933397,-0.11301507389132201,-0.04651738388039256,0.0063130174000833785,209.0,36.0
first_3m,pace,56,1,1,0,0.3393182817648105,0.3393182817648105,0.3393182817648105,0.38768830312247815,0.38768830312247815,0.38768830312247815,-0.04837002135766766,-0.04837002135766766,-0.04837002135766766,294.0,51.0
first_5m,pace,2,2000,1901,99,-0.8783100656536799,0.3992581843843685,0.8944271909999159,-0.6179143806533246,0.45595619523591624,0.8944271909999159,-1.1198472725342903,-0.011728653844038317,0.5855400437691198,13.0,2.0
first_5m,pace,3,2000,1992,8,-0.6179143806533246,0.3970918709902494,0.7730590971126594,-0.33000687012183166,0.4473651445332769,0.8728715609439693,-0.8847318733333336,-0.024949802140978236,0.23904572186687878,15.0,3.0
first_5m,pace,5,2000,2000,0,-0.26274253757918997,0.3619209077810842,0.654190851185844,-0.0938858004030499,0.4050270240136401,0.7090295561254027,-0.43883083355447056,-0.02611582795285186,0.121121998428495,27.0,5.0
first_5m,pace,8,2000,2000,0,-0.007524093501449909,0.3597777850885877,0.5920736463803925,0.053760364071858184,0.4003973442532569,0.6403722473942938,-0.22064701156310235,-0.030323197134562607,0.06541986560860505,43.0,7.0
first_5m,pace,10,2000,2000,0,0.03670051274656381,0.3488706846941,0.5569811216854887,0.08653835148360126,0.38937016009110625,0.5969246816943878,-0.1820001700074429,-0.03130833788976933,0.04785468885913625,54.0,9.0
first_5m,pace,15,2000,2000,0,0.1362804032133274,0.3493389361086064,0.5188121234403229,0.17265860161586577,0.38802672496543045,0.5582718144638271,-0.1281877643888321,-0.03558115164650247,0.025933615112632074,78.0,14.0
first_5m,pace,20,2000,2000,0,0.17919968202519468,0.3542512607997883,0.4987538910356595,0.2246870032386331,0.3902424461957151,0.5280662645291165,-0.105209279965012,-0.03511073289574883,0.015719197514180407,104.0,18.0
first_5m,pace,30,2000,2000,0,0.2351107144670235,0.34591740410118266,0.45338558782511557,0.2774135354108737,0.3835282756595991,0.491738488210395,-0.08006061711387037,-0.037181392188424284,-0.0002631802944066692,158.0,27.0
first_5m,pace,40,2000,2000,0,0.27623282387207,0.35037844480035574,0.42682237531904166,0.31381942342746827,0.3870274346001641,0.4638170038933397,-0.06357815592821003,-0.03739876981468937,-0.012651603693096198,209.0,36.0
first_5m,pace,56,1,1,0,0.350194647828678,0.350194647828678,0.350194647828678,0.38768830312247815,0.38768830312247815,0.38768830312247815,-0.037493655293800165,-0.037493655293800165,-0.037493655293800165,294.0,51.0
full,pace,2,2000,1901,99,-0.6179143806533246,0.45595619523591624,0.8944271909999159,-0.6179143806533246,0.45595619523591624,0.8944271909999159,0.0,0.0,0.0,13.0,2.0
full,pace,3,2000,1992,8,-0.33000687012183166,0.4473651445332769,0.8728715609439693,-0.33000687012183166,0.4473651445332769,0.8728715609439693,0.0,0.0,0.0,15.0,3.0
full,pace,5,2000,2000,0,-0.0938858004030499,0.4050270240136401,0.7090295561254027,-0.0938858004030499,0.4050270240136401,0.7090295561254027,0.0,0.0,0.0,27.0,5.0
full,pace,8,2000,2000,0,0.053760364071858184,0.4003973442532569,0.6403722473942938,0.053760364071858184,0.4003973442532569,0.6403722473942938,0.0,0.0,0.0,43.0,7.0
full,pace,10,2000,2000,0,0.08653835148360126,0.38937016009110625,0.5969246816943878,0.08653835148360126,0.38937016009110625,0.5969246816943878,0.0,0.0,0.0,54.0,9.0
full,pace,15,2000,2000,0,0.17265860161586577,0.38802672496543045,0.5582718144638271,0.17265860161586577,0.38802672496543045,0.5582718144638271,0.0,0.0,0.0,78.0,14.0
full,pace,20,2000,2000,0,0.2246870032386331,0.3902424461957151,0.5280662645291165,0.2246870032386331,0.3902424461957151,0.5280662645291165,0.0,0.0,0.0,104.0,18.0
full,pace,30,2000,2000,0,0.2774135354108737,0.3835282756595991,0.491738488210395,0.2774135354108737,0.3835282756595991,0.491738488210395,0.0,0.0,0.0,158.0,27.0
full,pace,40,2000,2000,0,0.31381942342746827,0.3870274346001641,0.4638170038933397,0.31381942342746827,0.3870274346001641,0.4638170038933397,0.0,0.0,0.0,209.0,36.0
full,pace,56,1,1,0,0.38768830312247815,0.38768830312247815,0.38768830312247815,0.38768830312247815,0.38768830312247815,0.38768830312247815,0.0,0.0,0.0,294.0,51.0
first_30s,rhythm,2,2000,1632,368,-0.8783100656536799,0.0,0.8944271909999159,-0.8944271909999159,-0.07472237669970663,0.8585075215405842,-1.1082808110106503,0.025911622806124357,1.3416407864998738,8.0,2.0
first_30s,rhythm,3,2000,1877,123,-0.5321811563901744,0.022103787239696037,0.8510644963469901,-0.8783100656536799,-0.0833911226352996,0.685525714202877,-0.5859947306639036,0.06303033823563178,1.3416407864998738,13.0,2.0
first_30s,rhythm,5,2000,1981,19,-0.4284647135825804,0.009615291803186548,0.6763169725221446,-0.6831300510639732,-0.06514409513370653,0.46733399485839455,-0.4314933490198496,0.06768040130043673,0.9874968553320772,20.0,4.0
first_30s,rhythm,8,2000,2000,0,-0.3308523009952668,0.010866174628883535,0.455785971558209,-0.49319977705406026,-0.053061663325439476,0.3403698626414773,-0.3135746583537979,0.06334450648676547,0.644531301505089,33.0,6.0
first_30s,rhythm,10,2000,2000,0,-0.29693369218870946,0.008197368415157301,0.3994766427957068,-0.4046521194032104,-0.061580541470402095,0.28267984528725876,-0.2532244759050419,0.0591671125276478,0.513626544930991,42.0,7.0
first_30s,rhythm,15,2000,2000,0,-0.2228523663734337,0.01214074274060514,0.29877298600549723,-0.30061422427099355,-0.05786410609466395,0.18331720008758332,-0.19038740291503778,0.06313939794110295,0.3860341235888087,62.0,11.0
first_30s,rhythm,20,2000,2000,0,-0.1961598386772256,0.007509894676420461,0.2363897992668114,-0.24976792160967592,-0.054497577061891414,0.1412334354678717,-0.14049647600150175,0.06295411642745607,0.30996660303575696,82.0,15.0
first_30s,rhythm,30,2000,2000,0,-0.13386792741725984,0.00686163443575441,0.16275360855794546,-0.19807231271024248,-0.061387661686414026,0.0794727895020191,-0.07452048559746677,0.06666797940372793,0.2355925751289493,124.0,22.0
first_30s,rhythm,40,2000,2000,0,-0.08878832983472147,0.007786439987009715,0.11606077293309713,-0.14620059861633672,-0.05756016007815557,0.03188796929112335,-0.03578276398086844,0.065907268230585,0.1742949012996795,166.0,29.0
first_30s,rhythm,56,1,1,0,0.006548095643944995,0.006548095643944995,0.006548095643944995,-0.05816157271655618,-0.05816157271655618,-0.05816157271655618,0.06470966836050117,0.06470966836050117,0.06470966836050117,232.0,41.0
first_1m,rhythm,2,2000,1844,156,-0.8783100656536799,0.03721649982381252,0.8944271909999159,-0.8944271909999159,-0.07293341387838126,0.8189230248533257,-0.9494403114521014,0.06454362126254642,1.3619886450745444,12.0,2.0
first_1m,rhythm,3,2000,1971,29,-0.6291486840979646,0.051055638299422564,0.7171371656006361,-0.8007572173962101,-0.06179506001028879,0.6847431681537728,-0.7767992568284823,0.08740642167201616,0.9856107606091624,15.0,3.0
first_1m,rhythm,5,2000,2000,0,-0.4379652439991002,0.033993803694756686,0.48235235382777575,-0.6114623756082199,-0.042929434039635006,0.4378101961529223,-0.4676648139770222,0.07303099389753315,0.7399488617912054,26.0,4.0
first_1m,rhythm,8,2000,2000,0,-0.3196715936839574,0.02934705763609746,0.37216633030500784,-0.45004377259911815,-0.028906025974849495,0.3312765681716195,-0.32628688524218186,0.06126241470283858,0.5206052827640799,41.0,7.0
first_1m,rhythm,10,2000,2000,0,-0.28141738871340694,0.022091614924797155,0.32265665242105557,-0.377771132587149,-0.03824464875118917,0.2878817004348946,-0.2944174125033639,0.06121706751440731,0.4349643209256963,51.0,9.0
first_1m,rhythm,15,2000,2000,0,-0.20346082967443738,0.028777917051318765,0.25589672442195954,-0.27239030902551353,-0.034863357688881075,0.1969014738633173,-0.1988731252779565,0.062392590272752846,0.3299626623518201,76.0,13.0
first_1m,rhythm,20,2000,2000,0,-0.1577632362915378,0.024840891093566936,0.21665340947435358,-0.21565399045709469,-0.03723933887126671,0.14844870748024228,-0.1410451835455081,0.05809430756554143,0.2784472794738065,101.0,17.0
first_1m,rhythm,30,2000,2000,0,-0.10831083938780915,0.0232670513258778,0.15160204795128715,-0.17087917093768315,-0.039548564248886565,0.09221942567167674,-0.08127223016948132,0.05872028249235155,0.21498936790434198,152.0,26.0
first_1m,rhythm,40,2000,2000,0,-0.06589495540954364,0.02137253336288454,0.11533743170321507,-0.12476575392349869,-0.03802692334200507,0.049493490708236915,-0.033239657979907765,0.0590460546072018,0.1638395463906235,203.0,34.0
first_1m,rhythm,56,1,1,0,0.02198263627344746,0.02198263627344746,0.02198263627344746,-0.03689807635732052,-0.03689807635732052,-0.03689807635732052,0.05888071263076798,0.05888071263076798,0.05888071263076798,283.0,48.0
first_2m,rhythm,2,2000,1901,99,-0.8944271909999159,0.006465081838352359,0.8944271909999159,-0.8944271909999159,-0.07955892307825815,0.8944271909999159,-0.8405389997169292,0.001653846218678895,1.3837215452125164,13.0,2.0
first_2m,rhythm,3,2000,1992,8,-0.6993803994884823,0.020995625727591685,0.6970407576069951,-0.8007572173962101,-0.06869369309065973,0.6829543859134468,-0.6281336867430721,0.050229780385948636,1.0592546426648928,15.0,3.0
first_2m,rhythm,5,2000,2000,0,-0.4235642953596278,-0.0025363708350714925,0.46712454214091814,-0.5806303670191248,-0.0418220352651069,0.436742647356254,-0.37185510651313247,0.03205541240989189,0.6803989646767847,27.0,5.0
first_2m,rhythm,8,2000,2000,0,-0.32701540097309606,0.014474733049806827,0.36570069573093966,-0.4519753290389932,-0.018268420814020227,0.33925291603463736,-0.27439440159741324,0.03346376723689144,0.4598377003858156,43.0,7.0
first_2m,rhythm,10,2000,2000,0,-0.2939598559807162,0.014747701196642357,0.3065074064816545,-0.3805113220219149,-0.03604796244265451,0.29734189945541917,-0.22341268794283503,0.03439148832879381,0.38090857436302167,54.0,9.0
first_2m,rhythm,15,2000,2000,0,-0.20440476350004383,0.012947436467617585,0.23830751958967988,-0.2781210493802494,-0.028156265656709582,0.20843169763373773,-0.16358432107111284,0.03591582223817776,0.2866578909637036,78.0,14.0
first_2m,rhythm,20,2000,2000,0,-0.17073506940796218,0.007480988774934504,0.2034208519553171,-0.22693155014568425,-0.028839747089184666,0.16015530122475125,-0.12913154229631416,0.03187445726130096,0.23177681852066406,104.0,18.0
first_2m,rhythm,30,2000,2000,0,-0.11465283712305241,0.007045887670437,0.13538835635262395,-0.17519091043009435,-0.030143713793927458,0.10733537733042443,-0.07716775554169722,0.03669261887549333,0.1672024335332587,158.0,27.0
first_2m,rhythm,40,2000,2000,0,-0.07525651122910455,0.006972732414342257,0.09589231663981104,-0.1230295549177778,-0.02936247378334471,0.05818698591770133,-0.03932987319926833,0.03610002799056481,0.12256672707963584,209.0,36.0
first_2m,rhythm,56,1,1,0,0.008516868048564023,0.008516868048564023,0.008516868048564023,-0.028761150018722648,-0.028761150018722648,-0.028761150018722648,0.03727801806728667,0.03727801806728667,0.03727801806728667,294.0,51.0
first_3m,rhythm,2,2000,1901,99,-0.8944271909999159,0.07070494427802916,0.8783100656536799,-0.8944271909999159,-0.07955892307825815,0.8944271909999159,-0.7746084495314982,0.07167930754285709,1.0845385084098103,13.0,2.0
first_3m,rhythm,3,2000,1992,8,-0.7637626158259733,0.08697662681686186,0.6567663358283748,-0.8007572173962101,-0.06869369309065973,0.6829543859134468,-0.5855400437691198,0.11232776561477856,0.7718300522165639,15.0,3.0
first_3m,rhythm,5,2000,2000,0,-0.48594848430946247,0.04998695323833276,0.4478016236135523,-0.5806303670191248,-0.0418220352651069,0.436742647356254,-0.3770309503078489,0.0992725484744411,0.48073683258565975,27.0,5.0
first_3m,rhythm,8,2000,2000,0,-0.3553962070398901,0.06375428532982896,0.3900300225758907,-0.4519753290389932,-0.018268420814020227,0.33925291603463736,-0.235956970176148,0.09062066441443632,0.3785432003804661,43.0,7.0
first_3m,rhythm,10,2000,2000,0,-0.3100408165797215,0.06146544381655548,0.3427000854742678,-0.3805113220219149,-0.03604796244265451,0.29734189945541917,-0.1830467284976834,0.08920966698384511,0.3416465162183139,54.0,9.0
first_3m,rhythm,15,2000,2000,0,-0.1949520921445559,0.06199682045322989,0.2829835796694105,-0.2781210493802494,-0.028156265656709582,0.20843169763373773,-0.11876467582928064,0.08678493798517814,0.2858803974611783,78.0,14.0
first_3m,rhythm,20,2000,2000,0,-0.15368919230458195,0.056166896986564505,0.2411703178762858,-0.22693155014568425,-0.028839747089184666,0.16015530122475125,-0.07338960550892819,0.08373777367193332,0.24336502472739566,104.0,18.0
first_3m,rhythm,30,2000,2000,0,-0.08909343345805956,0.053030711368892605,0.17863671371947915,-0.17519091043009435,-0.030143713793927458,0.10733537733042443,-0.025534328985109645,0.08135297204050337,0.19954527436380928,158.0,27.0
first_3m,rhythm,40,2000,2000,0,-0.03933345450731192,0.05201644276247512,0.1488097699752887,-0.1230295549177778,-0.02936247378334471,0.05818698591770133,0.014815950695610767,0.08018716517970709,0.16109493788235119,209.0,36.0
first_3m,rhythm,56,1,1,0,0.053092791634108,0.053092791634108,0.053092791634108,-0.028761150018722648,-0.028761150018722648,-0.028761150018722648,0.08185394165283065,0.08185394165283065,0.08185394165283065,294.0,51.0
first_5m,rhythm,2,2000,1901,99,-0.8944271909999159,-0.012468584003187148,0.8402870662507569,-0.8944271909999159,-0.07955892307825815,0.8944271909999159,-0.4472135954999579,0.021280643583684145,0.7365330558095453,13.0,2.0
first_5m,rhythm,3,2000,1992,8,-0.7065243626208619,0.0,0.7006490497453707,-0.8007572173962101,-0.06869369309065973,0.6829543859134468,-0.329114622135974,0.034398578537558955,0.5855400437691198,15.0,3.0
first_5m,rhythm,5,2000,2000,0,-0.526873695346247,0.0016555097877676084,0.42875935635826906,-0.5806303670191248,-0.0418220352651069,0.436742647356254,-0.22342364924103889,0.03495882026303477,0.3286764838188151,27.0,5.0
first_5m,rhythm,8,2000,2000,0,-0.39065065314253217,0.014222103408927173,0.35851196019343834,-0.4519753290389932,-0.018268420814020227,0.33925291603463736,-0.143223829807511,0.03333735203072582,0.23010670664424845,43.0,7.0
first_5m,rhythm,10,2000,2000,0,-0.33370868441485746,0.00929690179867309,0.3117702775316817,-0.3805113220219149,-0.03604796244265451,0.29734189945541917,-0.11883999182108838,0.037065947762241994,0.2165369856984246,54.0,9.0
first_5m,rhythm,15,2000,2000,0,-0.2256141116582455,0.017270274218757934,0.24026303066231733,-0.2781210493802494,-0.028156265656709582,0.20843169763373773,-0.07460377456572227,0.03697590184929701,0.16596001798223847,78.0,14.0
first_5m,rhythm,20,2000,2000,0,-0.1784209851049737,0.007650808970671317,0.1914578422749986,-0.22693155014568425,-0.028839747089184666,0.16015530122475125,-0.054060271545230056,0.03691615540017992,0.1435420936692572,104.0,18.0
first_5m,rhythm,30,2000,2000,0,-0.13535746148513578,0.005875291278499452,0.13596372164740692,-0.17519091043009435,-0.030143713793927458,0.10733537733042443,-0.028349025927418094,0.0375039986974072,0.10589542049108537,158.0,27.0
first_5m,rhythm,40,2000,2000,0,-0.08286243104711292,0.006253658610978914,0.09735759496434152,-0.1230295549177778,-0.02936247378334471,0.05818698591770133,-0.006785503407145624,0.036971552746181066,0.08285538387276856,209.0,36.0
first_5m,rhythm,56,1,1,0,0.0082896406183101,0.0082896406183101,0.0082896406183101,-0.028761150018722648,-0.028761150018722648,-0.028761150018722648,0.037050790637032746,0.037050790637032746,0.037050790637032746,294.0,51.0
full,rhythm,2,2000,1901,99,-0.8944271909999159,-0.07955892307825815,0.8944271909999159,-0.8944271909999159,-0.07955892307825815,0.8944271909999159,0.0,0.0,0.0,13.0,2.0
full,rhythm,3,2000,1992,8,-0.8007572173962101,-0.06869369309065973,0.6829543859134468,-0.8007572173962101,-0.06869369309065973,0.6829543859134468,0.0,0.0,0.0,15.0,3.0
full,rhythm,5,2000,2000,0,-0.5806303670191248,-0.0418220352651069,0.436742647356254,-0.5806303670191248,-0.0418220352651069,0.436742647356254,0.0,0.0,0.0,27.0,5.0
full,rhythm,8,2000,2000,0,-0.4519753290389932,-0.018268420814020227,0.33925291603463736,-0.4519753290389932,-0.018268420814020227,0.33925291603463736,0.0,0.0,0.0,43.0,7.0
full,rhythm,10,2000,2000,0,-0.3805113220219149,-0.03604796244265451,0.29734189945541917,-0.3805113220219149,-0.03604796244265451,0.29734189945541917,0.0,0.0,0.0,54.0,9.0
full,rhythm,15,2000,2000,0,-0.2781210493802494,-0.028156265656709582,0.20843169763373773,-0.2781210493802494,-0.028156265656709582,0.20843169763373773,0.0,0.0,0.0,78.0,14.0
full,rhythm,20,2000,2000,0,-0.22693155014568425,-0.028839747089184666,0.16015530122475125,-0.22693155014568425,-0.028839747089184666,0.16015530122475125,0.0,0.0,0.0,104.0,18.0
full,rhythm,30,2000,2000,0,-0.17519091043009435,-0.030143713793927458,0.10733537733042443,-0.17519091043009435,-0.030143713793927458,0.10733537733042443,0.0,0.0,0.0,158.0,27.0
full,rhythm,40,2000,2000,0,-0.1230295549177778,-0.02936247378334471,0.05818698591770133,-0.1230295549177778,-0.02936247378334471,0.05818698591770133,0.0,0.0,0.0,209.0,36.0
full,rhythm,56,1,1,0,-0.028761150018722648,-0.028761150018722648,-0.028761150018722648,-0.028761150018722648,-0.028761150018722648,-0.028761150018722648,0.0,0.0,0.0,294.0,51.0
first_30s,interaction,2,2000,1846,154,-0.9103330471448925,0.12047233945987049,0.896321772776859,-0.8944271909999159,0.04334001992262136,0.8783100656536799,-1.2962370666194651,0.07076532671971414,1.3416407864998738,10.0,2.0
first_30s,interaction,3,2000,1977,23,-0.778498944161523,0.13390681268239724,0.8742395113299698,-0.7999999999999998,0.04546361944340652,0.6929348671835832,-0.9980589870986036,0.1031837035689912,1.1132756673420965,14.0,3.0
first_30s,interaction,5,2000,2000,0,-0.5133878227507438,0.13546763008193832,0.6996895730003775,-0.5000026147006951,0.09022313832227236,0.5104340412442124,-0.7464470370530897,0.07346375076788586,0.7687883162085544,23.0,5.0
first_30s,interaction,8,2000,2000,0,-0.3093852656875466,0.13527565825545446,0.5523128599167438,-0.3092157297033949,0.09022845844911653,0.4239886111776249,-0.49479208055087953,0.047871407296559684,0.6448343257411528,37.0,7.0
first_30s,interaction,10,2000,2000,0,-0.25546358054402896,0.13950633971935156,0.49375763926067984,-0.24667967776749453,0.08605889856670366,0.36578500252538004,-0.3902890965153402,0.05977378798083432,0.5058879096090401,47.0,9.0
first_30s,interaction,15,2000,2000,0,-0.16648270236061397,0.1315574646916392,0.425950574506842,-0.1664404691815951,0.09171836041964254,0.30270517247582984,-0.3140923476666128,0.043919126909833635,0.41424233714172715,70.0,13.0
first_30s,interaction,20,2000,2000,0,-0.10371596712004352,0.13759767448876062,0.37259946283572876,-0.09566605434740197,0.09440979305729022,0.28001845936712794,-0.24535951445755202,0.04352773983821415,0.3412356003681753,93.0,18.0
first_30s,interaction,30,2000,2000,0,-0.02355332046005032,0.1369298739948021,0.2963735147035623,-0.04592950011737863,0.09330940027968568,0.21101846010447228,-0.14905655617308092,0.04280451177536126,0.2613923558275978,139.0,26.0
first_30s,interaction,40,2000,2000,0,0.02270156859740938,0.13334021615838895,0.2467227563379746,0.0007678428726644563,0.09290440376482514,0.17700069524820974,-0.09449493915933521,0.040338802622593095,0.18748727305201904,186.0,35.0
first_30s,interaction,56,1,1,0,0.1344105883685474,0.1344105883685474,0.1344105883685474,0.0932616644062759,0.0932616644062759,0.0932616644062759,0.041148923962271516,0.041148923962271516,0.041148923962271516,260.0,49.0
first_1m,interaction,2,2000,1887,113,-0.8944271909999159,0.23892499348996996,0.8944271909999159,-0.8944271909999159,0.04334001992262136,0.8563488385776753,-1.1699923865962978,0.15036172896483607,1.3834703091548315,12.0,2.0
first_1m,interaction,3,2000,1985,15,-0.6091228635829495,0.23002587936722513,0.8106873246191113,-0.7637626158259733,0.05890894914099729,0.6704607436188265,-0.7968599245497489,0.15121551489641702,1.1169352505483976,15.0,3.0
first_1m,interaction,5,2000,2000,0,-0.23708599487128917,0.21352819365469955,0.5604541941574751,-0.4556791269136508,0.09657594555661192,0.4904225272605173,-0.45174836189991957,0.12112753437764814,0.7419283371187356,27.0,5.0
first_1m,interaction,8,2000,2000,0,-0.07721505830054529,0.21205620655512403,0.47150823711848644,-0.28018182694035704,0.09382316161499173,0.40755483739739284,-0.29774075438479775,0.12492993751771082,0.5487230532193456,42.0,7.0
first_1m,interaction,10,2000,2000,0,-0.04699422269828757,0.20925545392256545,0.4427177553553703,-0.22211743394342767,0.09566726435745249,0.3657814497466934,-0.23411261081011306,0.1221280943325451,0.47179861999490996,53.0,9.0
first_1m,interaction,15,2000,2000,0,0.013680454182890104,0.2075801150346286,0.38940521175131965,-0.14316570067623172,0.09836900564407636,0.30300507623692774,-0.15557270987766825,0.11074643191801506,0.39206834903555565,77.0,13.0
first_1m,interaction,20,2000,2000,0,0.05106345048963914,0.20699780312234156,0.3625758040458803,-0.07844483173757281,0.10172584667461002,0.27616422834999255,-0.11446431477496083,0.10603800591835968,0.32829697949408587,103.0,18.0
first_1m,interaction,30,2000,2000,0,0.10661995778418186,0.21158734014677993,0.30881869673558765,-0.03073559125407807,0.10040164182710551,0.2156405505904833,-0.03865911808496829,0.11076541890227853,0.25870458672679175,155.0,27.0
first_1m,interaction,40,2000,2000,0,0.13364087073140235,0.2085958739227573,0.2792446438164305,0.01502434638244648,0.10012970480057273,0.17960999333303493,0.008036089483045891,0.10841380922008344,0.21372721090144228,206.0,36.0
first_1m,interaction,56,1,1,0,0.2082994701168977,0.2082994701168977,0.2082994701168977,0.10080957420072847,0.10080957420072847,0.10080957420072847,0.10748989591616923,0.10748989591616923,0.10748989591616923,289.0,50.0
first_2m,interaction,2,2000,1904,96,-0.8944271909999159,0.08885727901064439,0.7677889435322525,-0.8944271909999159,0.06647579393432984,0.8563488385776753,-1.3416407864998738,0.0,0.9677196819204477,13.0,2.0
first_2m,interaction,3,2000,1992,8,-0.7644650473598964,0.11185782434837244,0.6401738302141771,-0.6870308719189311,0.07256163570136154,0.6831300510639732,-0.9620391222327773,0.028180623764262273,0.8160264065677647,15.0,3.0
first_2m,interaction,5,2000,2000,0,-0.4302027898151032,0.12377541624501592,0.4878093228390057,-0.409019735440788,0.10279731996224462,0.4876774737935967,-0.5800311256936497,0.01725947582701771,0.5362505973504029,27.0,5.0
first_2m,interaction,8,2000,2000,0,-0.2302144445716896,0.1276058619712664,0.40527011080231157,-0.25918218899486595,0.10280303203115866,0.40975342269245535,-0.3949695619134004,0.02338119691081053,0.4056247432973894,43.0,7.0
first_2m,interaction,10,2000,2000,0,-0.2005455655879307,0.1318696324860234,0.37313454844038085,-0.18673641997714246,0.10178407583458457,0.36709609982406816,-0.30959303953121386,0.024784512631293068,0.3621276824189927,54.0,9.0
first_2m,interaction,15,2000,2000,0,-0.10553273379849464,0.12320951000917035,0.3193674782207532,-0.12390623902608044,0.1066335658592677,0.3061935142039359,-0.23584310719999016,0.020072479164274265,0.2727048717625575,78.0,14.0
first_2m,interaction,20,2000,2000,0,-0.06293615250876741,0.1292466453934846,0.27839910093162507,-0.0698700762986141,0.10964905066470614,0.27987299045819697,-0.18600208953603484,0.018880863530704367,0.21558669268656389,105.0,18.0
first_2m,interaction,30,2000,2000,0,-0.001743510458918174,0.12737119257331192,0.23874748705094678,-0.01908452905258115,0.10652703789790567,0.21943910030611916,-0.12582641589078558,0.02167524756057483,0.1582426862660033,158.0,27.0
first_2m,interaction,40,2000,2000,0,0.04789006382854368,0.12842630384200782,0.19978736220555227,0.02324636030903065,0.10722923308446013,0.18273344250225426,-0.07469631493820732,0.02330713573366091,0.11929343420213437,210.0,36.0
first_2m,interaction,56,1,1,0,0.12670045889596934,0.12670045889596934,0.12670045889596934,0.10722992372004411,0.10722992372004411,0.10722992372004411,0.01947053517592523,0.01947053517592523,0.01947053517592523,295.0,51.0
first_3m,interaction,2,2000,1904,96,-0.9486832980505138,0.06165622024764912,0.7113840835293709,-0.8944271909999159,0.06647579393432984,0.8563488385776753,-0.9662192442294093,0.0,0.7999999999999998,13.0,2.0
first_3m,interaction,3,2000,1992,8,-0.7781700435618034,0.09273851240646924,0.6518141729351835,-0.6870308719189311,0.07256163570136154,0.6831300510639732,-0.7171371656006362,0.012673725436925756,0.5449915120357316,15.0,3.0
first_3m,interaction,5,2000,2000,0,-0.3995855128726291,0.10226855451301263,0.4739831391879841,-0.409019735440788,0.10279731996224462,0.4876774737935967,-0.48287382166182363,0.009492495015897596,0.3565764082420966,27.0,5.0
first_3m,interaction,8,2000,2000,0,-0.24014145444145663,0.10527585869998149,0.3769641521396939,-0.25918218899486595,0.10280303203115866,0.40975342269245535,-0.2916446183549657,0.0028922521669616282,0.2696007471928664,43.0,7.0
first_3m,interaction,10,2000,2000,0,-0.1994964388193098,0.10100638041596574,0.3429207450074838,-0.18673641997714246,0.10178407583458457,0.36709609982406816,-0.2517912096192926,0.0003824164972281788,0.21899906361089805,54.0,9.0
first_3m,interaction,15,2000,2000,0,-0.12405585605462306,0.10726595582887744,0.2860718588441337,-0.12390623902608044,0.1066335658592677,0.3061935142039359,-0.2014226051873261,-0.000551789010256036,0.17200530157009764,78.0,14.0
first_3m,interaction,20,2000,2000,0,-0.06776626774942936,0.10682861458379138,0.2570775135456837,-0.0698700762986141,0.10964905066470614,0.27987299045819697,-0.1565385342624493,-0.002855124575125767,0.13038711640666126,105.0,18.0
first_3m,interaction,30,2000,2000,0,-0.012378117480006254,0.10619382289862206,0.2077491416411147,-0.01908452905258115,0.10652703789790567,0.21943910030611916,-0.10708831621964789,-0.0008254371890266389,0.0963703159697721,158.0,27.0
first_3m,interaction,40,2000,2000,0,0.024246171018254145,0.10669892405451967,0.17641711467522056,0.02324636030903065,0.10722923308446013,0.18273344250225426,-0.07087473492447173,-0.0014135381832600814,0.06511996320220065,210.0,36.0
first_3m,interaction,56,1,1,0,0.10423704119159682,0.10423704119159682,0.10423704119159682,0.10722992372004411,0.10722992372004411,0.10722992372004411,-0.002992882528447288,-0.002992882528447288,-0.002992882528447288,295.0,51.0
first_5m,interaction,2,2000,1904,96,-0.8944271909999159,-0.006465081838352359,0.8080422855626624,-0.8944271909999159,0.06647579393432984,0.8563488385776753,-0.8770634500823009,0.0,0.4472135954999579,13.0,2.0
first_5m,interaction,3,2000,1992,8,-0.7538245162098887,0.035038360806256025,0.6082187681501369,-0.6870308719189311,0.07256163570136154,0.6831300510639732,-0.5999999999999999,-0.01287117460916501,0.32818464644204426,15.0,3.0
first_5m,interaction,5,2000,2000,0,-0.43973120464975585,0.06869381803438183,0.4602379130492577,-0.409019735440788,0.10279731996224462,0.4876774737935967,-0.3864650538881916,-0.02603037023649614,0.2301820760967413,27.0,5.0
first_5m,interaction,8,2000,2000,0,-0.2897218159322929,0.07778572373801168,0.3754660168986124,-0.25918218899486595,0.10280303203115866,0.40975342269245535,-0.25319484487349153,-0.022662604971990685,0.17433384556973047,43.0,7.0
first_5m,interaction,10,2000,2000,0,-0.2402330654107187,0.07927342066547766,0.3285332304061628,-0.18673641997714246,0.10178407583458457,0.36709609982406816,-0.2077111122880541,-0.0241011493052947,0.13596089672206219,54.0,9.0
first_5m,interaction,15,2000,2000,0,-0.15727097928946085,0.0876196090609161,0.27710352079248796,-0.12390623902608044,0.1066335658592677,0.3061935142039359,-0.16073774568520585,-0.021711696029576094,0.09735924518797967,78.0,14.0
first_5m,interaction,20,2000,2000,0,-0.10620999103780468,0.08658412327471904,0.2496127044441362,-0.0698700762986141,0.10964905066470614,0.27987299045819697,-0.1263190139207178,-0.02378465482583863,0.07246569595739537,105.0,18.0
first_5m,interaction,30,2000,2000,0,-0.03648981152691342,0.08651985023654533,0.20015331556914587,-0.01908452905258115,0.10652703789790567,0.21943910030611916,-0.08983560926835059,-0.019731744872758902,0.048763331570043526,158.0,27.0
first_5m,interaction,40,2000,2000,0,0.0008716385265266832,0.08679427876809931,0.16176229274870832,0.02324636030903065,0.10722923308446013,0.18273344250225426,-0.0680940009411512,-0.02069856240198225,0.02599514947806007,210.0,36.0
first_5m,interaction,56,1,1,0,0.08699706108833273,0.08699706108833273,0.08699706108833273,0.10722992372004411,0.10722992372004411,0.10722992372004411,-0.020232862631711382,-0.020232862631711382,-0.020232862631711382,295.0,51.0
full,interaction,2,2000,1904,96,-0.8944271909999159,0.06647579393432984,0.8563488385776753,-0.8944271909999159,0.06647579393432984,0.8563488385776753,0.0,0.0,0.0,13.0,2.0
full,interaction,3,2000,1992,8,-0.6870308719189311,0.07256163570136154,0.6831300510639732,-0.6870308719189311,0.07256163570136154,0.6831300510639732,0.0,0.0,0.0,15.0,3.0
full,interaction,5,2000,2000,0,-0.409019735440788,0.10279731996224462,0.4876774737935967,-0.409019735440788,0.10279731996224462,0.4876774737935967,0.0,0.0,0.0,27.0,5.0
full,interaction,8,2000,2000,0,-0.25918218899486595,0.10280303203115866,0.40975342269245535,-0.25918218899486595,0.10280303203115866,0.40975342269245535,0.0,0.0,0.0,43.0,7.0
full,interaction,10,2000,2000,0,-0.18673641997714246,0.10178407583458457,0.36709609982406816,-0.18673641997714246,0.10178407583458457,0.36709609982406816,0.0,0.0,0.0,54.0,9.0
full,interaction,15,2000,2000,0,-0.12390623902608044,0.1066335658592677,0.3061935142039359,-0.12390623902608044,0.1066335658592677,0.3061935142039359,0.0,0.0,0.0,78.0,14.0
full,interaction,20,2000,2000,0,-0.0698700762986141,0.10964905066470614,0.27987299045819697,-0.0698700762986141,0.10964905066470614,0.27987299045819697,0.0,0.0,0.0,105.0,18.0
full,interaction,30,2000,2000,0,-0.01908452905258115,0.10652703789790567,0.21943910030611916,-0.01908452905258115,0.10652703789790567,0.21943910030611916,0.0,0.0,0.0,158.0,27.0
full,interaction,40,2000,2000,0,0.02324636030903065,0.10722923308446013,0.18273344250225426,0.02324636030903065,0.10722923308446013,0.18273344250225426,0.0,0.0,0.0,210.0,36.0
full,interaction,56,1,1,0,0.10722992372004411,0.10722992372004411,0.10722992372004411,0.10722992372004411,0.10722992372004411,0.10722992372004411,0.0,0.0,0.0,295.0,51.0
first_30s,overall,2,2000,1632,368,-0.8944271909999159,0.004288050925606845,0.8944271909999159,-0.8944271909999159,0.23205420228153859,0.807060644069137,-1.3627417432642805,-0.2023709194150805,1.3416407864998738,8.0,2.0
first_30s,overall,3,2000,1877,123,-0.7941866217022645,0.01935733477905959,0.8783100656536799,-0.7263645625546086,0.22185347411330594,0.7915023634194486,-0.8836132450319774,-0.19480440724641182,1.2365680446706233,13.0,2.0
first_30s,overall,5,2000,1981,19,-0.4472135954999579,0.010192544131493526,0.6926687644448661,-0.5155055721564633,0.20479949577920534,0.671965991707824,-0.7043956256385331,-0.19550269084725033,0.7807200583588265,20.0,4.0
first_30s,overall,8,2000,2000,0,-0.34086296710910424,0.024176234255431066,0.4852082232989682,-0.24022596180304517,0.22917647021595242,0.5763029892524346,-0.5710841269965024,-0.20524682737783487,0.3756036930414948,33.0,6.0
first_30s,overall,10,2000,2000,0,-0.2986242639657345,0.010422864943449392,0.42351806769584377,-0.1633787123901821,0.21181858709197066,0.5427117314374799,-0.5439191826643599,-0.197639890842857,0.26028080057937525,41.0,7.0
first_30s,overall,15,2000,2000,0,-0.22479263012468198,0.016643913935918627,0.32398686314826397,-0.04781052908430818,0.22231986416970395,0.4598101113105067,-0.4606167633314917,-0.20119328523050511,0.13568798260065623,61.0,11.0
first_30s,overall,20,2000,2000,0,-0.18982884787720905,0.01683174238775944,0.2510072963313989,0.008840838052631904,0.21990284063149454,0.4194337723045863,-0.4116081934992508,-0.20645331250607596,0.0520768122868774,81.0,15.0
first_30s,overall,30,2000,2000,0,-0.12864871027826802,0.01662824271521255,0.1699166828822213,0.05903687593179531,0.2188001071634429,0.35144805121357164,-0.34785596257890455,-0.199953911293072,-0.030620839453096477,123.0,22.0
first_30s,overall,40,2000,2000,0,-0.08519949622096804,0.018232697464541113,0.12161088965911275,0.12257969767634624,0.22192593364360774,0.3161042094025095,-0.303193574014659,-0.20186479583086062,-0.08968223717222291,164.0,29.0
first_30s,overall,56,1,1,0,0.017767766910876018,0.017767766910876018,0.017767766910876018,0.22107794978075018,0.22107794978075018,0.22107794978075018,-0.20331018286987418,-0.20331018286987418,-0.20331018286987418,229.0,41.0
first_1m,overall,2,2000,1844,156,-0.6229287850063945,0.15672694636980777,0.8944271909999159,-0.8944271909999159,0.23205420228153859,0.8944271909999159,-0.947221454926737,-0.05884898863364996,1.2649110640673518,12.0,2.0
first_1m,overall,3,2000,1971,29,-0.5297943676390187,0.15154840510962636,0.8563488385776753,-0.6890500020764752,0.24111490800488738,0.7676973081808793,-0.7813487535155438,-0.07789306075326613,0.9142974359014134,15.0,3.0
first_1m,overall,5,2000,2000,0,-0.3770434156914566,0.15170943391257632,0.5526629292818086,-0.46484528363790517,0.2265713645814257,0.6282718150149104,-0.5688668390079248,-0.09555191653513834,0.6015070647021898,26.0,4.0
first_1m,overall,8,2000,2000,0,-0.21637022223663518,0.13515425625540092,0.459582947990067,-0.21868393560955937,0.24478967198608453,0.559126404249262,-0.44887733748273656,-0.11132939333504296,0.3313327768391489,41.0,7.0
first_1m,overall,10,2000,2000,0,-0.16378111558106997,0.13411661762837163,0.39077214801332,-0.15021314333297855,0.24089241217474688,0.5197674182322904,-0.4252673461420877,-0.10118202625936007,0.2647719683954839,51.0,9.0
first_1m,overall,15,2000,2000,0,-0.0886360860246293,0.1344347624017798,0.3447388344301309,-0.016557809560248004,0.24044390473766358,0.46152038618712493,-0.3501031151905025,-0.10351624096057369,0.15622360765027737,76.0,13.0
first_1m,overall,20,2000,2000,0,-0.051994171877490704,0.1330831835514112,0.29865838307551396,0.04231668890284035,0.24006003471174522,0.4105622286838093,-0.29883057424110754,-0.10740524568228837,0.10473026112757683,101.0,17.0
first_1m,overall,30,2000,2000,0,0.0109856118144148,0.1296544582375393,0.2477094191896267,0.08817376323347959,0.2378072094647713,0.36057422799775335,-0.2338910326080424,-0.10760135956253027,0.041335998861244956,152.0,26.0
first_1m,overall,40,2000,2000,0,0.05044429905759344,0.13084713180813398,0.22076402537763654,0.14834373861901667,0.23831272795759503,0.326281484125079,-0.20024671163408383,-0.10837496622436914,-0.005304304423603622,203.0,34.0
first_1m,overall,56,1,1,0,0.13190980536181662,0.13190980536181662,0.13190980536181662,0.23938532658494732,0.23938532658494732,0.23938532658494732,-0.1074755212231307,-0.1074755212231307,-0.1074755212231307,283.0,48.0
first_2m,overall,2,2000,1901,99,-0.8944271909999159,0.24317873670305146,0.8783100656536799,-0.8944271909999159,0.19944338991670055,0.8944271909999159,-0.7807200583588265,0.0,1.2649110640673518,13.0,2.0
first_2m,overall,3,2000,1992,8,-0.6762091548984065,0.23018640015948655,0.7171371656006361,-0.6929348671835832,0.21014350032202472,0.7509392614826383,-0.6127096295673461,0.005415546401100077,0.86006645111009,15.0,3.0
first_2m,overall,5,2000,2000,0,-0.32471212546305495,0.22227037052311152,0.5658032069773068,-0.4976533093358843,0.2076889035100339,0.6228213956086186,-0.38236794429631177,0.008514688831775238,0.5466416244223775,27.0,5.0
first_2m,overall,8,2000,2000,0,-0.1231746118014263,0.230412118972884,0.5015361484222711,-0.26071511853356083,0.22628478863335183,0.5442949326687354,-0.2742975447675045,0.0069994311633224116,0.36204820275412564,43.0,7.0
first_2m,overall,10,2000,2000,0,-0.08704878524995836,0.23086534946740436,0.4629239556823423,-0.19421346408980586,0.2217309816533572,0.5136862410388976,-0.24173941065529872,0.006553074005834408,0.29517038633424,54.0,9.0
first_2m,overall,15,2000,2000,0,0.0167905939542677,0.22884843692579215,0.40776170511164045,-0.05595897287172925,0.22278091976665892,0.45000566123784275,-0.17638275281088625,0.004428302954498489,0.214419500897413,78.0,14.0
first_2m,overall,20,2000,2000,0,0.051813685353548085,0.22424544426737178,0.3686861345479685,-0.00014958620057411727,0.22419681636275934,0.4004070139022767,-0.15348509698459692,0.00036104887555185594,0.16425961737184733,104.0,18.0
first_2m,overall,30,2000,2000,0,0.10969258447158318,0.22195401590688893,0.32324453311048296,0.05562231583424272,0.21755849737178934,0.34411459910489567,-0.10181429109273875,0.0014761913507727736,0.11773132183254238,158.0,27.0
first_2m,overall,40,2000,2000,0,0.14721954180469268,0.22263641129466838,0.2945272937212996,0.12699737758574473,0.22246946160454245,0.31138077512169576,-0.06613596114930023,0.001586860872909629,0.07776477295570962,209.0,36.0
first_2m,overall,56,1,1,0,0.22333225996148884,0.22333225996148884,0.22333225996148884,0.22184990262156395,0.22184990262156395,0.22184990262156395,0.0014823573399248835,0.0014823573399248835,0.0014823573399248835,294.0,51.0
first_3m,overall,2,2000,1901,99,-0.8944271909999159,0.24940538946563953,0.873682366474773,-0.8944271909999159,0.19944338991670055,0.8944271909999159,-0.7171371656006362,0.0,0.6227991553292184,13.0,2.0
first_3m,overall,3,2000,1992,8,-0.7637626158259733,0.2561599750628366,0.7278364191108608,-0.6929348671835832,0.21014350032202472,0.7509392614826383,-0.597878126007317,0.026263770264035036,0.5463566405200507,15.0,3.0
first_3m,overall,5,2000,2000,0,-0.4752348672985537,0.23572006669082313,0.6445890522483164,-0.4976533093358843,0.2076889035100339,0.6228213956086186,-0.37699230128172884,0.033261450040632745,0.4281971660379413,27.0,5.0
first_3m,overall,8,2000,2000,0,-0.186987964813557,0.25927978898644377,0.5729933228664051,-0.26071511853356083,0.22628478863335183,0.5442949326687354,-0.2855649470566815,0.04549168525032981,0.34674916227695635,43.0,7.0
first_3m,overall,10,2000,2000,0,-0.14229016269335748,0.2605847114311628,0.5386710786164847,-0.19421346408980586,0.2217309816533572,0.5136862410388976,-0.24879785903199533,0.04576028745893043,0.30761679293527217,54.0,9.0
first_3m,overall,15,2000,2000,0,-0.007466870719703554,0.25849649599977653,0.4695952448563353,-0.05595897287172925,0.22278091976665892,0.45000566123784275,-0.1645603450418524,0.04195474311931745,0.24441905814253068,78.0,14.0
first_3m,overall,20,2000,2000,0,0.0522655929678232,0.26105166570142846,0.43532079575110505,-0.00014958620057411727,0.22419681636275934,0.4004070139022767,-0.13117300379432664,0.035964740365069386,0.2002586333147088,104.0,18.0
first_3m,overall,30,2000,2000,0,0.11077744563112388,0.25906568967357646,0.3779785706980075,0.05562231583424272,0.21755849737178934,0.34411459910489567,-0.0737874969617922,0.03777897120988001,0.15872932934861197,158.0,27.0
first_3m,overall,40,2000,2000,0,0.16346732799014727,0.25988496418133916,0.3455149151178443,0.12699737758574473,0.22246946160454245,0.31138077512169576,-0.03540202808001698,0.03885999639770865,0.12188038853445705,209.0,36.0
first_3m,overall,56,1,1,0,0.2595454057712737,0.2595454057712737,0.2595454057712737,0.22184990262156395,0.22184990262156395,0.22184990262156395,0.037695503149709764,0.037695503149709764,0.037695503149709764,294.0,51.0
first_5m,overall,2,2000,1901,99,-0.8944271909999159,0.21896976414719674,0.8944271909999159,-0.8944271909999159,0.19944338991670055,0.8944271909999159,-0.39036002917941326,0.0,0.5091750772173156,13.0,2.0
first_5m,overall,3,2000,1992,8,-0.6532172664712937,0.2345383554241925,0.7358134957138627,-0.6929348671835832,0.21014350032202472,0.7509392614826383,-0.2562146349349862,0.008414567031138354,0.4214577036181703,15.0,3.0
first_5m,overall,5,2000,2000,0,-0.423651937072535,0.23197062108950992,0.6305334867837252,-0.4976533093358843,0.2076889035100339,0.6228213956086186,-0.19864362371016836,0.02000299870214356,0.2643355367091091,27.0,5.0
first_5m,overall,8,2000,2000,0,-0.2341583129752589,0.24091618647476673,0.5599218273161033,-0.26071511853356083,0.22628478863335183,0.5442949326687354,-0.13377843914214585,0.017206416306683486,0.1898280787881734,43.0,7.0
first_5m,overall,10,2000,2000,0,-0.17585291241022777,0.24045803008312386,0.5305506922435341,-0.19421346408980586,0.2217309816533572,0.5136862410388976,-0.1195303233623293,0.019386796048511276,0.1649153895995925,54.0,9.0
first_5m,overall,15,2000,2000,0,-0.05160372400244405,0.24684482725630286,0.46067311691718305,-0.05595897287172925,0.22278091976665892,0.45000566123784275,-0.07630612440017255,0.020339367734374086,0.1267234172566009,78.0,14.0
first_5m,overall,20,2000,2000,0,0.013414495920241368,0.24918758840573585,0.42013697378050824,-0.00014958620057411727,0.22419681636275934,0.4004070139022767,-0.06405756656063914,0.020556642559320777,0.11438867899355519,104.0,18.0
first_5m,overall,30,2000,2000,0,0.07858920081464767,0.24162220662345207,0.37211144927948314,0.05562231583424272,0.21755849737178934,0.34411459910489567,-0.040423015924917254,0.020801038653961393,0.08067999624503566,158.0,27.0
first_5m,overall,40,2000,2000,0,0.14567422453245873,0.24276455820526177,0.33691135277769774,0.12699737758574473,0.22246946160454245,0.31138077512169576,-0.01916488533941678,0.02136809885854732,0.06399222873004304,209.0,36.0
first_5m,overall,56,1,1,0,0.24343104029699889,0.24343104029699889,0.24343104029699889,0.22184990262156395,0.22184990262156395,0.22184990262156395,0.02158113767543493,0.02158113767543493,0.02158113767543493,294.0,51.0
full,overall,2,2000,1901,99,-0.8944271909999159,0.19944338991670055,0.8944271909999159,-0.8944271909999159,0.19944338991670055,0.8944271909999159,0.0,0.0,0.0,13.0,2.0
full,overall,3,2000,1992,8,-0.6929348671835832,0.21014350032202472,0.7509392614826383,-0.6929348671835832,0.21014350032202472,0.7509392614826383,0.0,0.0,0.0,15.0,3.0
full,overall,5,2000,2000,0,-0.4976533093358843,0.2076889035100339,0.6228213956086186,-0.4976533093358843,0.2076889035100339,0.6228213956086186,0.0,0.0,0.0,27.0,5.0
full,overall,8,2000,2000,0,-0.26071511853356083,0.22628478863335183,0.5442949326687354,-0.26071511853356083,0.22628478863335183,0.5442949326687354,0.0,0.0,0.0,43.0,7.0
full,overall,10,2000,2000,0,-0.19421346408980586,0.2217309816533572,0.5136862410388976,-0.19421346408980586,0.2217309816533572,0.5136862410388976,0.0,0.0,0.0,54.0,9.0
full,overall,15,2000,2000,0,-0.05595897287172925,0.22278091976665892,0.45000566123784275,-0.05595897287172925,0.22278091976665892,0.45000566123784275,0.0,0.0,0.0,78.0,14.0
full,overall,20,2000,2000,0,-0.00014958620057411727,0.22419681636275934,0.4004070139022767,-0.00014958620057411727,0.22419681636275934,0.4004070139022767,0.0,0.0,0.0,104.0,18.0
full,overall,30,2000,2000,0,0.05562231583424272,0.21755849737178934,0.34411459910489567,0.05562231583424272,0.21755849737178934,0.34411459910489567,0.0,0.0,0.0,158.0,27.0
full,overall,40,2000,2000,0,0.12699737758574473,0.22246946160454245,0.31138077512169576,0.12699737758574473,0.22246946160454245,0.31138077512169576,0.0,0.0,0.0,209.0,36.0
full,overall,56,1,1,0,0.22184990262156395,0.22184990262156395,0.22184990262156395,0.22184990262156395,0.22184990262156395,0.22184990262156395,0.0,0.0,0.0,294.0,51.0
